ásaga,si lo busca
ásiga,buscándolo
ay,lo buscaba
abé,hoy
abé huauú ucuri,hoy llovió mucho
abijí,todavía - aún
aboni,ellos - ellas
acá,cara - nariz
binoy acara,su cara
binoy acárachi,en su cara
acá vi,tener sal - está dulce o sabroso
acá ,huarache
acará,poner huaraches
acarapta,quitar huaraches
acá,embotarse - quitarse (filo)
acáami,salado - dulce
acáanami,Sano de  pie o de brazo
acabó,hoyo de la nariz
acáchura,abuela paterna
acajihua,correa
acami,estar vivo
acaná, boca abajo
acará,herrar - rostro
acha,¿acaso?
acha gará ju?,¿estás bien?
achá,poner
achagó,mata espinosa
aché,atiesarse - morirse de frio
achí,reir - sonreir
achíami,risueño
achigó yiri ju,es igual
achigórigá,de la misma manera
achíptiami,cómico
achó,iguales
agá,dándole
agásane,bilis
ahuá,cuerno
a'huá,tragar
a'huánami,ligeros
ahué,asar
ahuérami,asado
a'hué,águila
ahuí,bailar
a'huí,brotar - germinar (semillas)
ahuínari,solos
a'huínari,aparte
ajó,desgranar maíz
ajo,mosquito - zancudo
amá,hígado
huáasi amará,hígado de vaca
amachí,rezar
amarú,estar entero
amí,buscar
amígohua,amigo
aná,de otro modo
aná,ala- aleta
a'nabáa,juntarse
anacha,aguantar
anachapa,aletear
a'nagú,por los dos lados
a'nagupi,mutuamente - unos a otros
anahui,medir - pesar
a'nahuí,al mismo tiempo
a'najata,perseguir
a'namótami,uno encima de otro
anara,igualar
ané,decir
anebi,le hubiéramos dicho
anemi,le hubiera dicho
aní,decir
anihuáami,querer decir
anirá,decir (futuro)
aniríhuami,nombrado
aorí,táscate
apanérohua,compañero
aparúami,Bravo - cruel - feroz - valiente
apé,echar a la espalda
apurá,hacer olas (en el agua)
aqué,nadar
aquibi,desaparecer
arara,arado
arí,tarde
jipi arí,hoy en la tarde - enseguida
arí biché ,entonces
ariché,tardar - dilatar
arigá,a pesar de- de todos modos
arihua,atardecer
arihuá,alma
arihué,dejar
a' rínamorí,al poco rato
ariósibá,adios
arirí,!ay!
aró,marchitarse
asahua,sacudir
asé,montar (un animal)
así,también
asibá,siéntate
asiba,sentarse
asisi,levantarse
atá,arco
atahuépata,podar
atí,estar sentado
atisi,estornudar
auché,otro
a' yapi,uno tras otro
auchecho,otra vez
ayena,sí
ayena cho,también - aún
ayénasí,sí también
ba'arí,mañana
ba'ari piché,hasta mañana
ba'arínara,al siguiente día
bacahúa,hoja de la marzocra
bacamú,infectarse
bacarí,tener enfermedad venérea
bacó,ponerse amarillo
bachochi,río
bacúu,palo
bachá,primeramente - adelante - enfrente
bachá simí,avanza - precede
bacháami,ante - delante - enfrente de
bachagochi,hueso del tobillo
bachahuara,ir adelante
bachéi,tener hermano mayor
bachí,hermano mayor
bachí,calabaza
bachima,rociar
ba'hue,hay agua
ba'huí,aguantar
ba'huí bají,toma agua
ba'huira,jugo - caldo
baisá,tercero
baisá macoy,treinta
bajácami,hinchado
baji,tomar - beber
bajíami,curandero
bajíbachami,hinchado por desnutricion
bajicháhuari,norte
bajichi,pozo
bahpuhuami,potable
bajina,hincharse
bajuhua,ir a tomar
bamíbari,año
baná,mejilla
banagé,lama - moho
banira,arrastrar - llevar jalando
baquí,entrar 
bará,tiempo de lluvia
baquirini,padrino - madrina
baraché,tener sed
ba'raguéchuri,huérfano
baré,cura
basachí,coyote
basi,taza - vaso
basigó,lavarse la cara
basoná,pato
basoná,derretir
basori,pozole
basú,cocer - hervir
batari,tesguino
batú,moler en metate
batú,mapache
batusí,masa
bayé,llamar
bayeba,guiar - llevar
bayera,invitar
ba'yó,estar bonito
ba'yoami,bello - hermoso - lindo
bicá,pudrir
ba'yori,gustar
bicajuca,oler mal
bicamú,salir pus
biché,entonces
bachihuá,verdad
bichíhuaga,jurar- prometer
bichíhuami,VERDADERO
bi'huá,limpiar
bihuárami,limpiarse
bihuara,hacer duro
bi'líami,chueco - torcido
bimó,neblina - polvo
binéami,estudiante
binéami,aprender - estudiar
binériami,maestro
bi'néripi,único
biní,hermana menor
binoy,el - ella - el mismo
biquiyá,tres
biré,uno
biré ciento,cien
biréana,en una sola parte
birina,pedernal
bi'rina,torcer - exprimir
bisiruta,rasparse
bisú,despellejar
bité,habitar - vivir
¿cumi bité?,preg. donde vives
biteba,pasar la noche
bitechi,casa
bití,estar acostados
bitichí,casa - habitación
bitori,plato - cazuela
bi'yá,temprano
bocuírachi,cascada
bo'na,arrancar hierba
boní,hermano menor
bonorí,anzuelo
bo'obu,desplumar
borogá,amarrado
bosá,llenarse comiendo
bot'a,soltarse - desatarse
botobú,hundir - sumergir
bucurí,hace poco
buchí,contener
ocuá litro buchí,contiene dos litros
buchíami,lleno
bucuríhuami,nuevo - fresco
buhué,camino
bubuigá,estar esperando
bujé,cobrar - quitar algo
buná,agacharse - inclinarse
buqúé,tener - poseer (animal)
buré,amarrar
burito,burro
¿cum burú?,preg. dónde está el camino
busí,ojo
busugachi,ciego
busurébana,despertar
buyana,enfermar de viruela
ca,llevar en la mano
cabítana,rodar - envolver
cabóchi,músuclo de pierna o brazo
cabu,preg. cuándo
cachagá,cadera
cachí,reirse
cachuna,arrugar
ca'huá,poner hueos
cahué,caballo
cahuí,monte - terreno
cahuíami,claro - limpio (cielo)
cahuisori,cobija
cajé,café
cajuina,derribar
ca'marota,ampollarse
cameri,sería bueno
cami,extraordinario
ca'mocha,hincharse la cara
banachí ca'móchari,se le hinzó la mejilla
campori,tambor
ca'muchí,maiz para palomitas
canápuromí,en muchas parte
canira,alegrarse
caniri,estar feliz - contento
capaneri,campana
capitani,capitán
carí,casa
capona,quebrar
cárabá,por nada
cáraca,completamente
caré,parecerse
caré,amar - querer
caréami,amable
cari ju,es todo
carichí,en la casa
carihuérami,listo - arreglado
ca'rina,quebrar
ca'rígami,quebrado
casí,pierna - muslo
casibacha,pantalón - calzón
catehua,alzar - guardar
cobata,enchilar a otra persona
cobisi,pinole
coché,ahogarse
catá,arco
casuna,bajar del monte
cochí,perro
cayena,terminar - levantar
cochí,hermana mayor
cochí,dormir
cochi,marrano
cochinari,tener sueño
Echirigá ju,así es
cóami,picante
cochírahua,ceja
cohua,dar de comer
co'huá,comer
co'huáami,alimento - comida
co'ué,comer mucho
co'huí,matar- asesinar
comichi,arroyo
comurachi,cárcel
coná,tostar
coná,sal (condimento)
cónahua,donar- regalar
co'nari,tener hambre
cor,obsequiar- regalar
conomí,arcoiris
cóo,dar de comer
cora,obsequiar- regalar
corá,frente (cabeza)
corácami,amargo
coraca,picante
corachi ,cuervo
corí,chile
córima,regalar
corimena,miel de abeja
corochi,saltamontes
corogá,collar
ocorú,codiciar - desear mucho
corúcami,envidioso - codicioso
cosibera,banca
cotúura,dar comida
co'yacha,sombrero
coyera,paño para cabeza
cu,otra vez
cu,leña - madera
cúchara,hijos
cúchuhua,tener hijos
cohuana,tostar
cohuana,al otro lado - detrás
cuhué,tiempo de calor
co'huira,ayudar - salvar
cuira,hola
cu'lina,espeso
cu0luhua,derramar - tirar (líquido)
cumé,estorbar - molestar
cumí,comer
cumi,¿Dónde? - ¿A dónde?
cumi simí,¿A dónde vas?
cumúchari,tío (hermano mayor del padre)
cumurachi,casa de la comunidad
cuná,marido - esposo
cunama,enviudar
cunámami,viuda
cusí,palo
cupá,cabello
cupí,cerrar los ojos
cupisi,luciérnaga
cupucha,pestañear
cusibera,banca
cusuchí,nalga
cutá,cuello - garganta
cutámachi,nuca
curipi,hace poco
curichi,tío (hermano mayor de la madre)
cursi,cruz
cúruhui,niños - muchachos
cuseba,colgarse - ahogarse
cusébana,ahorcar - estrangular
cusera,flauta
chá,feo
chá,tener granos o llagas
chabé,antes - hace poco - el otro día
chabé choquichí,al principio
chabóa,barba - bigote
chabochi,mestizo
chacá,chanate
cha'i,apretarse - atorarse
chamarí,venado
cha'merohua,lengua
chané,sonar mal
chapí,agarrar
chaquena,a un lado
charóara,quijada
charóarahua,barba - bigote
chati,feo - mal
chérami,vieja (cosa)
chí,me
chibá,chiva
chibi,mal
chicónami,hueco
chicuri,ratón
chi'eé,cuñado - cuñada
chigá,¿quién?
chigó,robar
chigórami,ladrón
chihuá,pegar
chi'hua,romperse - cortarse
chi'huana,romper - cortar
chihuí,guajolote
chi'í,tomar pecho
chijisó,picar
chijuna,dar asco - menospreciar
chimorí,ardilla
chi'múcari,calabacita
chi'mura,seno
chiná,despeinado
chinasa,esconder
chiní,manta - ropa
chiquí,camote
chipú,estar amargo
chipó,palpitar
chipó,salpicar - brincar
chi'rá,amanecer
chi'ré,importar
¿chu chiré,¿Qué importa?
que chireco,no importa
chi'reba,pasar la noche
chi'ré,pasar un tiempo
chirena,sudar
chirí,queja
chirigá,de ninguna manera
chirihuperaba,no hay de que - de nada
chi'ró,aletear
chirúrami,círculos
chócami,negro
chocó,estar agrio
choba,quemarse por el sol
chocoba,rodilla -hincarse - ponerse de rodillas
chocoóbara,madrastra
chochora,entumirse (pie o brazo)
cho'huá,apagar fuego
cho'má,resfriarse - moco
cho'méami,mocoso
chomá,nariz
cho'mabú,limpiarse la nariz
cho'márachi,hoyo de la nariz
cho'ná,golpear - pegar
cho'maná,tener tos - catarro
chonachona,obscurecer
chónami,sucio
cho'ó,hocico
cho'obáchari,máscara
chopé,ocote
chopi,solamente - pero - sino
chu iquí,¿Qué pasa?
chu quipu,¿Cuánto? - ¿Qué cantidad?
chu yena,¿a qué hora?
chu mi iquiri,¿qué te parece?
chu yiri,¿Qué color?- ¿cuál?
choquéami,veces
choquira,culpable
choquira,prinicipio
chóruhua,mugre - suciedad
chorohuera,ensuciarse
choyá,encogerse
choquira ju,tiene la culpa
choró,estar pegajoso
chúbirigá,de alguna manera
chuché,¿qué?
chuhué,como quiera
chuhué biré,cualquier
chu'huechi,panteón - tumba
chu'huí,espiritú - fantasma
chu' huiró,sepultar - enterrar
chumarí,venado
chuná,higuera
chuná racara,higos
chupará,sacar punta
chupéami,agudo - puntiagudo
churi,perrito
churicó,¿Cuándo? ¿qué día?
churigá,¿cómo? ¿de que manera?
churigá mi mayé,¿qué te parece?
churipí,pollito
churubi rahué,todos los días
churuguí,pájaro
chuseá,¿por qué?
chuyiripi,cualquiera
echaní,así dice - eso dice
echarí,entonces - más allá
echi,ése - ésa - aquel
echi jaré,esos - esas
echijiti,por causa de - por lo tanto
echimí,aquel - aquella
echiquí,esa cantidad
echo'ná inaro,allá viene
garabé,muy bien - muy bueno - perfecto
garana,mejorarse - convertirse
garani machí,estoy seguro
garara,componer - mejorar
garé,amar - querer
hua,flecha
hua,madurarse (fruta o verdura)
huabé,muchísimo
gará,bueno
gará aní,ponerse de acuerdo
huacasí,vaca - res
huacocha,estar chueco o encorvado
hua'ché,atiestarse de frío
huachíami,derecho - recto
huachica,costilla
huajó,zancudo
hua'ícari,esófago
huaminá,por allá
huaminá arihué,abandonar
huaminá 'masa,escaparse
huaminá pa,arrojar
huaminabi,mucho más
huaminana,después - más adelante
huaná,lejos
huanihuí,apartarse
huanihuí,pasado mañana
huanihuí rocogó,anteanoche
huaqué,secar
huaquiché,secarse
huaquichéami,seco
quiná,acá - por acá
huamí,allá - más
huaré,quizás - tal vez
huarina,veloz
huarú,grande - mucho
huarú ba' huechi,mar
huarubé,enorme - gigante - inmenso
huarúrachi,ciudad
huasa,cocinar
huasarara,azadón
huasí,cola
huasí,suegra
huasoná,pato
huataca,estar fuerte
huatácammi,fuerte
huató,estirarse
huatoná,estirarse
huatónari,atole - pinole
huayé,hermana menor
hie,muy - mucho
huabé,muchísimo
huenumí,dinero
huenomí rojuácami,cambio (dinero)
huepi,solamente - nada más
huera ,criar
huisa,agarrar - arrebatar
 huihuachi,la pizca
huiba,bañarse
huicá,mucho más
huicabé,muchísimos
huicahua,perdonar
huicáhuaraba,de nada - por nada
huicáhuari,perdón
huicaná,en muchas partes
huicari,olvidarse
huicará,cantar
huicó,abejorro
huicohuí,hongo
huicheami,piojoso
huichí,piel - cuero
huicuhui,chiflar
huichá,aguja
simabo,vamos a pie
huichí,suelo
huichí,caerse
huichiba,caerse
huichibebcha,rasparse
huichimoba,mundo
huichó,lavar ropa
huichorí,barro
huigáami,perdido
huíi,lazar - amarrar (un animal)
hui'í,manteca
huijáhua,colgar
huiqué,deber
huiquiá,extraviarse - perderse
hui'rá,arete
huiputa,tener demasiada hambre o sed
huiquiyá muhué,multiplicar
huirá,parar
huiráami,vieja - anciana
huiraba,detener
hui'ré,ancho
hui'rí,estar largo
hui'ribé ,muy extenso
huiriba,pararse
huiríbari,empezar a llover
huiribeco,después
hui'rique,mucho despé
hiuirihuirira,andar (haciendo algo)
huirisa,levantarse
huisiburi,paño - trapo
huisogá,lodo - zoquete
huisú,ordeñar
huiya,mecate
huiyé,madre
hui'ye,tierra - barro
ibiri - ibíripi,cada uno - unos a otros
ibócari,chile (colorado - grande - seco)
icá,hacer aire
icárata,abanicar
icosa,quemarse por el sol
ichá,sembrar
icháami,sembrador
iché,picar - inyectar
ichipa,esconderse
ichuromí,todo le cuerpo
igúsuhuami,autoridades
ihuará,agujerar - perforar
ihué,muchachas
ihué,tierra
ihuepa,tirar (al suelo)
ihuérami,fuerte
i'huita,enredarse
imá,hígado
ijínari,éramos - eran
imaséhuami,caerse - tropezar
imúami,voraz
i'ní,volar
iqué,ventilar
iquí,acontecer - suceder
chu mi iquiri,¿qué te pasó?
iquí,picar - morder (animal)
iquíi ,saber (lo que pasó)
irá,nopal
irapa,abrir
irápara,llave
irápata,abrirse
irápatami,abierto
iré ,estar bueno - servir
ireta,explicar bien
irí,cerco
irura,ciertamiente
isaba,descansar
isí,orinar
itiyeri,jugar
iyéata,estar abierto
iyénasí,hasta que
jaba,pararse
jabu,caballo
jácami,vivo
jami,por aquí - por este lado
janiri,estar contento
jasa,levantarse
jeré,así es
jícuri,peyote
jiero,fierro
jecuá,aca esta
jínohua,tener hijos
jipi,ahora
mapujiti,porque
jiyá,apresurarse
jiyata,apresurarse
jiyero ,hierro
jócari,camaleón
jochi,hoyo de la nariz
jóhua,apuntar - señalar
jonsa,desde - de 
jora,escarbar (hoyo)
ju - juco - jupá,ser - estar
jubá,atrás
jubáami,por atrás
jubá ocuá,hacia atrás
cha jubá,tener mal olor
jubáami,al fin - finalmente
jubánara,anterior
jubé,mesa - banca
jubí ,esposas
juca ,oler
jumsa,huir
jurá,enviar - mandar (mensaje)
jurárami,mandado
juri,si seguro
juma,correr
la,sangre
nijé lalá,mi sangre
lábara,venado
lábari,nervio
lamú,adolorido por golpe
lánami,anaranjado
lasiba,oxidarse
lasíbami,oxidado
léami,sangriento
lena,sangrar - desangrar
limeta,botella de vidrio
loca,batir - mezclar
lohua - 'loché,tener hambre
lohuari,hambre
lohuera,abanico
luhuíami,usado - gastado
ma,correr
ma'agá,ciempiés
mabá,!vamos!
macari,cuarta (medida)
macahui,paloma
macoy,diez
macó,agarrar
macoy miná biquiyá,trece
macoy miná bire,once
macoy miná marí,quince
macoy miná nahuó,catorce
macoy miná ocuá,doce
macúsuhua,dedo
machá,garrapata
machí,saber - conocer
machí ,verse bien
machíami,claramente
machíri,podria ver
machí oserí 'néniya,sabe leer
machibú,sacar punta
machiná,afuera
machíi,ver bien
machina,salir
machira,descubrir - mostrar
machiri,alacran
machíriami,que puede ver
que machíriami,ciego
mahuiyá,león - puma
majajá,espantarse
majaga,temer - tener miedo
majáami,cobarde - miedoso - temeroso
majajara - majajárata,asustar - espantar
majárami,nervioso
maní,contener un líquido
mapari,cuando
maparí jonsa,desde que
mapo'na,dónde
mapujiti,para - que - el cual 
mapu iquí,cuánto
mapuyena,mientras
mapuyénasi,hasta que
mapuyiri,semejante
mapuyíripi,cualquier
mará,hija
maracá,paleta
marachi,sobaco
marí,cinco
marí,padre (de la hija)
marisa,quinto
marisa macoy,cincuenta
masa ,huir
masó,amasar
matá,metate
mató,hombro
matora,llevar - cargar (en la espalda)
matosá,canas
matosé,tener canas
mayé,creer que sí - pensar - opinar
mayé,tener celos
me,maguey
me ,traer
me ,tanto - mucho
me ,ganar sueldo
me ,mezcal
méchuri,cordero
meta,arrear - llevar (animales)
mi,aquel - aquella
micá,lejos
micabé,muy lejos
micabéana,alejarse - retirarse
michá,luna - mes
michira,astilla
michira,alacran
michona,martillar
michora,marro - mazo
michóntami,clavado
misi,gato
michú,abollarse
michúnari,aplastar
mijírami,asado - tatemado
sapá mijírami,barbacoa
minana,mas allá - poco después
mi'ró,desmayarse
misucuá,zarzamora
mitá,ganar (juego o carrera)
mitáchana,aplastar
mitáchami,aplastado
miteba,tocerse (tobillo)
mi'yá,asesinar - matar
miyérati,madrastra
mo,subir
moba,sobre - encima
mocuásari,quelite
mochocuá,helecho
mochogohua,tener cerebro
mo'huá,encerrar
mojuana,quebrar
mo'né,yerno
mo'ó,cabeza
mo'orí,nuera
morí,humo
morisó,hollin 
morisó,ahumarse
morisota,ahumarse
mosí,desmenuzar
motosá,canas
mubú,elevar
mucú,morirse - fallecer
mucúami,muerto - difunto
múchari,nene - criatura
muchínara,querer senarse
muchuhua,poner
muguí,mujeres
mugúsuhuami,epiléptico
muhuehua,aumentar
mujé,tu - usted
mujeru,¿y tú?
mujé binoy,tú mismo
muné ,sembrar frijol
muquira,hembra
torí muquira,gallina
muripi,cerca
murubé,muy cerca
murubpe bitéami,vecino
murubéana,acercarse
muté,aplastarse
muteta,aplastar
na - nari,éste - ésta
na'á,quemar
náapa,alcanzar
na'árami,quemado
nabé,poco más allá
naca,de lejos
nacá,oreja - oído
nacarópari,mariposa
nacátara,hacer mucho ruido
cha nacátara,callate
nacóo ,pelear
nacuba,borrar
nacurihua,cambiar
nacuríhua,transformar
nachigó,amarrar - anudar
nachibuí,alcanzar
nachupa,conectar
nachuta,repartir - distribuir
na'érami,prendido
nahuá,raíz
nahuají,cantar
nahuará,enraizar
nahuara,dar a luz 
nahuesa,avisar - predicar
nahuíi,acercarse
nahuó,cuatro
na'í,aquí
na'í,lumbre
najata,seguir
najirémami,hermanos
nami,oír
namuti,cosa - animal
na'oma,tapar
napacha,camisa
napachota,pegar - juntar 
napahuí,juntarse
napé,juntarse - casarse
napéa,también - con - juntos
napíhuari,nixtamal
napisó,polvo - ceniza
napó,tuna
napó,deshierbar - quitar hierba
napora,cubrirse la cara
napona,quebrar
naquétari,sordo
naquí,querer - desear
nará,llorar
narácuri,caracol
naraquéami,llorón
narasi,naranja
naré,recibir - aceptar
narepa,saludar
nariyochi,lobo
nariyochi,éste - ésta
na'rohua,con - también
na'rina,quebrar
na´sinami,perezoso
nasipa,medio
nasipa recogó,medianoche
nasipasí,mitad
nasípasigó,miércoles
nasinácuri,tener flojera
narúchari,araña
nasó,guardar - esconder
nasó,mezclarse - revolver
nasóami,revuelto
nasohua,mezclar
0nata,pensar
natabú,perforar - taladrar
nataguésuri,tonto
nátami,pensador - inteligente
nate,difícil - trabajoso
huabé 'nate ju,está muy difícil
natéami,costoso
natepa,encontrar
natépari,liston
nateta,pagar
natérarabá,gracias
natétarahua,pagar
natibú,atajar
natigara,paga - valor
quipu natiguí,¿Cuánto vale?
nayá,mucho antes
nayáhuari,antepasado
nayuna,enfermarse
nayúami,enfermo
nayurí,enfermedad
né,ver
ne,mirar - observar
ne,muy - sumamente
néchigo,igual
née,usar
nehuará,acordarse - recordar
neni,mirar
nepi,muchísimo
nera,mostrar
ni biré,ni uno
nicá ,ladrar
ne'ogá,voz
nicá ,ladrar
nicóami,asesino
nicahuera,estar orgulloso
nigúurami,ayudante
nigá,viéndolo - mirandolo
nigúura,ayudar - salvar
nihúa,hacer
nihua,tener - poseer 
níhuami,poseedor - rico
ni'huá,relampaguear
nihuícohua,casarse
nihuíi,hacer
nijá,dar - entregar
nijehua,hacer caso - contestar - responder
nijiyá,pon atención
nijí,dar - entregar - obsequiar
nijohua,invitar
ni'mayé,tener celos
ni'mayéami,celoso
nimí,yo a ti
nimí garé,yo te amo
nimica,contradecir
niná,ver
nipá,cobrar - quitar algo
nipáami,cobrador
niquí,picar
níraga,ser
echirigá níraga,así sea
nírasi,sean
nírata,animar - dar fe
nirú,hay
nisé,cuidar - pastorear
nitapa,aplastar
ni'yúbana,soltar
ni'yusa,soltarse -escaparse
no,hijo
no ,confiar - admirar
nicá ,moverse
nocuisa,seguir haciendo
nochá,tentar - tocar
nocha,trabajar
nóchami,obrero - trabajador
nochárata,emplear
nóchari,dificil
nóchari,trabajo
noguí,casi
nohua,tener un hijo
nóochami,orgilloso
nóochami,tener orgullo
niporí,inundar
niporíbana,cubrir con agua
noqué,moverse
nocuá,moverse
noré,rodear
noré,estar nublado
noreba,nublarse
noreba,dar vuelta
norí,nube
norigá,alrededor
norina,volver - venir
norira,andar dando vueltas
norírahuachi,semana santa
nosobú,descomponer - echar a perder
nosohuí,descomponerse
norohuí,ocultarse
norohuiri,desaparecerse
nurá,mandar - ordenar
riosi nurarira,los mandamientos de Dios
nuraríhuami,ley - mandamiento
nuré,mandar - ordenar
nuté,guardar - retener
nuté,alzar
nuté,tener comiga
nutugá,lonche - merienda
nututa,hacer merienda
ocó,doler
ocorá,tiene dolor
ocó,pino
ocochí,dormir
ocuá,dos
ocuá,de - desde
ocuánica,ambos
ocubá,estar plano
ochébana ,criar
ochéi,tener huesos
ochera,crecer
ochera,envejecer
ochera aní,tiene hipo
ochérami,viejos - ancianos
ochérami,viejo
ochí,hueso
ochícari,abuelo paterno
ochícari,nieto
ochobé,chamuscar
ochobeta,quemarse por el sol
ochoréami,mugriento
ochorí,barro
ohuá,flecha
ohua,curar
ohuáami,medicina - remedio
o'huari,grande
ohuí,invitar
o'huibichi,zurdo
o'huicha,levantarse
cu o'huína,resucitar
o'huina,comenzar
o'huiná,izquierdo
o'huiqué,respetar - obedecer
o'huiqué,dar comida 
ohuira,mmacho
ojuí,oso
omá,también - con - juntos
o'máana,en todas partes
omahua,hacer fiesta
omohuárahuachi,día de fiesta
omáhuari,fiesta
oméachi,domingo
omeba,vencer
omée,estar dificil
omérahuami,poder
omériami,poderoso
omero ,poder
o'mona,estar triste
o0mónami ,triste
o'nami,doctor - médico
oné,tener padre
onorúami,padre (de la hija)
onó,estar enojado
onorúami,Dios Padre
opesi,vomitar
opó,arrancar - sacar
opoáami,hueco
opochi,tía
orá,hacer - obrar
oroyá,haciéndolo
orá,tener filo
oráami,afilado
orara,afilar
orari ,quiso (de querer)
oré,huella
o'rí,español
o'rí,tambalearse
orí,hacer así
o'rina,ladear
o'rina,quebrar
osá,escribir
osá,segundo
osá macoy,veinte
osá nahuó,ocho
osa nahuosa macoy,ochenta
osé,escribir
oserí,papel - carta
oserí 'nena,leer
oserí osé,levantar un acta
otérami,muela
otobé,canasta grande
otohuá,rama grande
otoná,derecho
óyami,curandero - médico
oyera,regañar
oyera,dar consejos
oyera,llamar la atención
o'yó,vomitar 
o'yona,tener ganas de vomitar
pe o'yó,poco a poco
pa,traer
pa,tirar - echar
paayé,arriba
pabaca,lavar
pabera ,acarrear en la espalda
paca,colar
pachá,adentro
ri're pachá,debajo
pachá bachá,meter
pachá bachara encarcelar,
pachí,elote
pachoca,remendar
pachú,gotear
pagó,lavar
pagó,bautizar
pagóami,el que bautiza
pagónara,el día anterior
pagótami ,gente
pagué,remojar
pánara ,querer traer
pasá,echar - tirar
pasó,remojar
pasochi,zorrillo
payéhuachi,zanja
pe,poco
pe ocuá,pocos
pebi,muy poco
pe táa,poquito
pe risensi,por favor
pe téeri,chaparro
pe téeri,un rato
pe téeri ripí,demora
péebi,poquito
péebi niráa,
péebi ratáami ,tibio
pehua,fiumar
péhuari,cigarro
pénama,aprenderé
pénami,que puede aprender
perí,petate
pericó,por favor
pibá,zambullirse
pibíiri,remolino
piché,hasta
ba'arí piché,hasta mañana
pichí,barrer
pichira,escoba
pihuácami,fumador
píhui,remoler
pioni,peón
piré,vivir - habitar
piri,¿qué?
piri ju,¿qué es?
pochí,brincar
pora,cubrir - tapar
porapa,destapar
posá,llenarse comiendo
poyaca,desabrido
pu',faisán
pucha,soplar
pura,cinturón - faja
qué,fue - era - siendo
que,hija grande
queba,retumbar
quecha,masticar
quemi,tuyo
queni,mío - mía - mi - mis
quepu,su - sus
quere,quizá - tal vez
queta,nuestro - nuestra
quétamo,su - sus
quetasi,no
quicháo,siete
quicháosa,séptimo
quicháosa macoy,setenta
quichí,aborrecer
qui'huí,traer leña
quimá,cobija
químacoy,nueve
quimacoysa,noveno
quimacoysa macoy,noventa
quimé,tener cobija
quimira,sábana
qui'mo,morder
quiná,acá - por acá
quipá,nevar
quiparí,nieve
quipú,escucchar
quipu,¿Cuánto?
quirá,calmarse
quirá,hija
qui'raca,crujir los dientes
quirí,quieto - silencio
asagá,callate
quirí niráa,poco a poco
rabó,cerro - cordillera
rabota,tener calambre
rabótami,entumido
racá,semilla
rachí,aplastarse
rachina,aplastar
ra'e,conocer (lugar)
rahuá,ligamento
rahué,día
rahué,pecho
rahué,volver
nijé rahuira,mi pecho
rahuihui,gavilán
rahuirí,mediodía
ra'íami,que tiene apetito
ra'icha,hablar - platicar
ra'ama,reprender - prohibir
ra'íchami,hablador
ra'ichárami,idioma
ra'íchari,palabra
ra'ihuá,gustar (comida)
rajá,alumbrar - arder - quemar
rajáami,ardiente
rajamó,peñasco
rajé,iluminar
rajirí,vela
ra'lá,derramarse
ra'lana,extender - exparcir
ramé,diente
ramé otéramachi jáhuami,muela
ramú,ponerse negro por un golpe
raná,parir
raná,hijo
ra'náchani,sonar
ran'né,disparar
ranné,tener hijo
tanéami,que tiene hijos
ranícuri,talón
echo'ná ranícuchi,le duele su talón
ra'oa,agacharse
rapá,rajarse - partirse
rapana,rajar - partir
raoaci,ayer
rapárachi,rendija
rapirá,rebanar
rapirátachi,patio
raquibú,empujar
rará,comprar
raráami,comprador
rará,pie
ra'rana,desparramar - extender
raramú,caer un rayo
rarámuri,tarahumara - gente
rarámuri niráa uchucha,interpretar - traducir al tarahumara
rarámuri ra'ícharara,idioma tarahumara
rarinéa,vender
rasá,machucarse
rasáami,blando
rasana,machucarse
rasíami,desobediente
rasiba,oxidarse
rasícari,ligamentos de la rodilla
rasó,desulmbrar
rasuca,calentarse al sol
ratá,hacer calor
ratá,disparar con un rifle
rataba,relumbrar - brillar mucho
ratabáachi,cuando hace calor
ratabacha,calentar
ratábami,brillante
ratara,tener calentura - fiebre
raté,tío - tía - primo - prima
rayena ,hacer sol
rayénari,el sol
ricamuchi,comadreja
ricóchari,pedernal
ricomarí,frijol
ricú,emborracharse
ricuchuri,grillo
ricurí,borracho
ri'é,jugar
ri'echa,malgastar - jugar
rihuá,nombre
rihuá,ver - hallar
ri'huá,hacerse liso
ri'huana,alisar - aplanar - cepillar
rihuará,nombrar
rihué,llamarse - tener nombre
rihuera,tener vergüenza
rihuérata,avergonzarse
rihuí,cuesta arriba
rihuí,mostrarse
rihuinra,mostrar
rihuisáa,viéndolo
ri'í,gemir - lanzar quejas
ri'ícami,que se queja
ri'ibú,limpiar frijol
ra'icha,echarse a perder - desperdiciar
ra'íchani,gemir - lanzar quejas
ri'iquéami,jugador
ra'inana,para arriba
rijachi,arrooyo
rijata,desgastarse
rijé,granizo
rijí,mentar - poner apellido
"roko,a","jer,amp"
rijóara,vivir allí
acha rijóara echo'ná,¿vive alguien allí?
rijorá,aguantar 
rijoy,hombre
sihuará,intestino
ri'marí,joven
rimé,tortilla
rimério,curandero - crucifijo
rimó,rana
rimú,soñar
ri'ná,nivelar
ri'ná,boca arriba
riná,arbir la boca
ri'náami,parejo
ri'nabuca,al revés
ri'nahuí,caerse
ri'nará,emparejar
riní,boca arriba
ri'obá,iglesia - templo
riosi,Dios Padre
ripá,arriba
ripabé,muy alto o arriba
ripáami ju ,está muy alto
ripá,rascar
ripá moba,sobre - encima
ripari,para arriba
ripata rabó,loma
ripí,quedar
ripiyá,cuchillo
ripopa,espalda
ripora,despedir
ripú,trozarse - cortarse
ripuca,basura - abono
ripuchí,pulga
ripurá,hacha
ripuna simira,atravesar
riqué,pisar
riquina,bajar
ri'ré,abajo
riré huchí,suelo
ri'rena,por abajo
ri'reque,sur
ri'rohui,papas
rirú,eructar
rirú,zumbar de un motor
risensi,licencia - permiso
pe risénsia,con permiso
risénsia 'ya,conceder - autorizar - permitir
risí ,cansarse
risira,cansar
risirúami,miserable - tacaño
risó,cueva
risúati,pobre
risúu,sufrir
risúu aní,quejarse
rité,patear
ritéami,el que ve
ritéena,bostezar
ritehuá,ver - hallar
ritémahua,hermanos
ritú,helarse
ritú,mirar - admirar
riyahui,hay hierba
ri'yónachi,tronar
rocó,estar hondo
rocóami,hondo
rocogó,noche
rapaco rocogó,anoche
rocogó niráa,de anoche
rocohuárari,obscuridad
rocomíami,cóncavo
rocuahua,obscurecerse
rochá,lagartija
rochí,pez - pescado
rochorí,codorniz
rohué,atizar
ro'hué,cultivar maíz
rohuera ,aro
rohuí,conejo
ro'hupi,dar vueltas 
ro'huí,arrepentirse
rojácami,cambio de dinero
rojana,apartar
rojoná,separar
rojuí,bellota
romíami,flexible
romina,doblar - enrollar
romírachi,coyuntura
romírachi,tobillo
romó,invierno
romohua,lloviznar
roné,tener pies
roné,hervir
ronena,hacer espuma
ronó,hervirse
ronó,pie
ropá,estómago - vientre
ropéami,panzón
ropéami ju,está embarazada
ropochí,panza
rorí,rata
roró,rugir
roró,gruñir
roró,roncar
rorobá,enfriar
roroca,tráquea
rorónaché,zumbar
ro'roché,congelarse
ro'rochébana,congelar
rosácami,blanco
rosábachami,gris
rosana,blanquearse
rosánahua,blanquear
rosó,nido
rosobocha,despintarse
rosohua,toser
rosoná,pato
rosorá,nido
rotebi,salamandra
rotosí,sauz
ru,avisar
ru,testificar 
ru,descubrir
rucuchiri,grillo
rucué,preguntar
ruchí,gato montés
ruhué,liembre
ru'náami,grueso
ruráami,frío - fresco
rurú,sonaja
rurusí,tomatillo
rúsiami,intérprete
rusú,moler
ruyé,avisar - aconsejar - informar
ruhuigá,avisándole
ruyénara júuri,le manda decir
sáa,oler - olfatear
sáata,hacer brasas
saca,conseguir
sacará,zacate
sacuá,sapo
sahuá,hoja
sahua,quemar
sa'huá,curar - sanar
sáhuara,sonaja
sahuarásimí,retoñar
sahuí,quemarse
sa'huí,quemarse 
sa'huí,aliviarse
sahuiri,brasas - carbón
sahuiruma,temblar
sái,oler - olfatear
sa'í,lombriz
sa'mecha,remojar - mojar
sa'mí,estar mojado
sa'míami,humedo - mojado
sa'mina,humedecerse
sampá,mojarse
sampacha,remojar
sapá,carne
sapará,engordarse
saparábana,engordar
saparusa,enflacar
sapé,estar gordo
machí sapepa,desnudarse
machí sapéami,desnudo
sapota,hacer palomitas de maíz
sapú,apurarse
sapunú,apurarse mucho
saquí,esquite
saquiri,comal
sa'rihuá,saliva
saróami,amarillo - anaranjado
sasira,resbalarse
saté,arena
satibó,arenal
satibótami,arenoso
sayahui,víbora de cascabel
sayé,enemigo
sayiná,de repente
seba,alcanzar - llegar - lograr
sayiruma,teblarse
sebara,completar - cumplir
sébari,bastante - completo
sehuá,florecer
si,llegan
si,hacer
si,dilatarse
si'á,suegro
sibori,renacuajo
sicá,trasquilar
sicá,brazo o mano
sicá jiti,a mano
sicachó,aplaudir
sicahué,bracear
sicara,mover los brazos
sichoochi,en un rincon
sicóona,salir lagaqña
sicorí,olla - jarro
sicuí,hormiga
sihuá,intestino
sihuá,florecer
sihuáchari,flor
si'huérahua,pestaña
si'huina,en otra parte
si'huinárigá,de otra manera - en cambio
sijabó,estar empachado 
sijarí,vejiga
sijarí,ampolla
si'luna,pegar
si'lúami,plegado
simá,irse
simati,bonito - hermoso
simó,tocar un instrumento musical
simera ,pasar
simí,irse
simí,caminar
simírami,sobrante
simuchí,colibrí
siná,gritar
siné,vez
que sine,nunca - jamás
siné cáachi,en otra ocasión - tal vez
sinepi,una vez
si'néami,todo - toda la gente
sinibí,siempre
sinohui,culebras - víboras
sinibí rahué,todos los días
sinomí,a veces - de vez en cuando
si'nú,distinto - diferente
si'orí,abeja - mosca
si'núriga,al contrario
sipá,rascar - lijar - raspar - cepillar
sipáami,curandero - hechicero
tabla sipáami,carpintero
siparí,ejote
sipabú,hechizar
sipée,espejo
sipí,enfirarse
sipirú,pelar
sipiyoni,sarampión
sipucha,enaguas
sipurí,tárantula
siqué ,tener brazo
siquiré,cortar con un cuchillo
siquirépari,se cortó
siquiríchi,gavilán
sirá,lanza
sira,irse
si'rí,ahogarse
si'rina,ahogar
siri,tijera
siríami,gobernador
si'rú,arrugarse
sirú,cazar - pescar
sirúami,cazado
si'runá,aflojar 
si'runá,arrugar - plegar
sitá,resbalarse
sitácami,colorado
sitá,tinta
sití,feo - que no sirve
sití oráami,malvado
sitira ané,criticar - insultar
sitó,esquina
sitóachi,codorniz
sitúra,estar redondo
sitúrami,redondo
si'yá,suegro
siyónami,verde - azul
soguí,casi
so'huá,espinas
so'hué,golondrina
so'huira,espinar
soma,lavarse la cabeza
sonorá,los pulmones
sontarsi,soldado
sopichí,murcielago
soporí,estrella
sopota,despeinado
sotóchi,ratoncito
sotóchi,chaparro
su,coser
súami,cocido
sucú,raspar - rascarse
sucuchí,en el ombligo
sucuchú,pellizcar - rasguñar
sucuí,hormiga
sucurú,hechizar
sucurúami,hechicero - brujo
suguí,tesgüino
sugúrami,sucio 
suhuá,acabar - terminar
suhuaba,destruir - acabar
suhuaba,todo
su'hué,bonito 
su'hueti júcami,fragante
su'huetari,bonito
suhuí,acabarse - morirse
su'hueti juca,tiene buen olor
suhuíami,cadáveres
suhuirá,orilla
sumá,sobar
suní,terminar - acabar - cumplir
mani suniri nóchia,ya terminé de trabajar
suníami,en todas partes
sunú,maíz
sunú o'néami,mazorca
supuchí,murciélago
suquí,ombligo
sucuchí,en el ombligo
su'rá,aflojarse
surá,corazón
suré,tener corazón
surachí ,en el corazón
surí,no querer compartir
su'rina,soltar
sutú,uña - pezuña
ta ,pedir
taní,estar pidiendo
ta,chiquito
tabé,más chiquito
táa,chico - infante - pequeño
táami,músico
táa nira,se encoge
taba,luchar
tabachi,calentar
tabachi,taparrabo
tábara,tabla
tabé,más chiquito
tabéara,menor
tamí,a mí
tamujé,nosotros
tamujé níhuara,nuestro
tamuro,mudo
tana,pedir
tanehua,fiar
tanehui,prestar
tani,rogar
tani riosi,pedir a dios
tapa,acarrear - traer en las manos
tará,contar
tarárami,contados
tarapé,no
tarapé te ,no hay
tarapé machíami,ignorante
tarari,semana
tarí,semilla
tarí,apuesta
tasi iré,no sirve
tasi iré,no
tata,padre
te,tejer
técuri,borrachos
téeribi,poco tiempo
témari,jóvenes
tera,telar
teri,corto
pe peri,poco tiempo
térico,al rato - ahorita
térico piché,hasta luego
tétari ,la medida - plazo de tiempo
tibí,quedar - sobrar
tibí,permanecer
tibíami,restante
tibú,cuidar - vigilar
tibuta,guardar - proteger - vigilar
tibútana,encomendar
tibútari,espantapájaros
tichí,peinar
tichícari,peinar
ticó,cercar
tigótachi,cerco de piedra
tihué,muchacha
tinicha,repetir - burlar
tisó,usar bastópn
tisora,bastón
to,enterrar
to,llevar - tomar
tobá,atascarse
towi,muchacho - niño
toná,poner parado
toreta,cacarear
toni,poste
torí,gallina - pollo
tu ,traer agua - sacar agua
túcami,asado
tucua,desde abajo
tumujé,nosotros
turio,trigo
turupa,tropezar
uba,bañarse
úca,espinazo
ucú,llover
ocuá,lagrima
ocuí,llover
uché,untar - frotar
uché,vacunar
uchíi,estrecho - angosto
uchú,besar - chupar
uchú,picar - picotear
uchucha,traducir del tarahumara a español
ujuma,correr
umí,cintura
umugusa,desmayarse
umpá,perder en el juego
umuri,bisabuelo - bisnieto
upé,tener esposa
upí,esposa
upímami,viudo
urí,barranca
usani,seis
usansa,sexto
usansa macoy,sesenta
usí,arriba por el arroyo
usú,abuela - nieta materna
usuta,zurdo
ya,dar - convidar
yáati,inmediatamente - pronto
yé,quitar
ye,por alla - alrededor
corí yé,por allá
yéachi,abierto
yeba,traer
yeca,engañar - mentir
yécarami,engañado
yémta,causar vértigo
yemi,ustedes
yemi níhuara,de ustedes
yena,andar
chu yénasí,¿hasta cuándo?
chu yénaco,¿qué hora? - ¿Cuándo?
cumi yénari,¿Dónde andabas?
yepu,¿quién?
yera,pierta
yera,invitar
yeri,conducir
yeta,cerrado
yiri,clase o color
chu yiri,¿Qué color? - ¿cuál?
yiri,esemajanza
onó,está enojado
mapu yíripi,cualquier
yoca,teñir
yona ,regañar
yónarati,fue regañado
yora,enojar
yora,inclinar la cabeza
yura,guiar
yuga,con
