ásaga,si lo busca,,
ásiga,buscándolo,,
ay,lo buscaba,,
abé,hoy,,
abé huauú ucuri,hoy llovió mucho,,
abijí,todavía - aún,,
aboni,ellos - ellas,#pronombre,
acá,cara - nariz,#parte del cuerpo,
binoy acara,su cara,#parte del cuerpo,
binoy acárachi,en su cara,,
acá vi,tener sal - está dulce o sabroso,#sabor,
acá ,huarache,#vestimenta,
acará,poner huaraches,,
acarapta,quitar huaraches,,
acá,embotarse - quitarse (filo),,
acáami,salado - dulce,#sabor,
acáanami,Sano de  pie o de brazo,,
acabó,hoyo de la nariz,#parte del cuerpo,
acáchura,abuela paterna,#parentesco,
acajihua,correa,,
acami,estar vivo,#verbo,
acaná,boca abajo,,
acará,herrar - rostro,,
acha,¿acaso?,#pregunta,
acha gará ju?,¿estás bien?,#pregunta,
achá,poner,#verbo,
achagó,mata espinosa,#planta,
aché,atiesarse - morirse de frio,,
achí,reir - sonreir,#verbo,
achíami,risueño,#adjetivo,
achigó yiri ju,es igual,,
achigórigá,de la misma manera,,
achíptiami,cómico,,
achó,iguales,,
agá,dándole,,
agásane,bilis,,
ahuá,cuerno,,
a'huá,tragar,,
a'huánami,ligeros,#adjetivo,
ahué,asar,#verbo,
ahuérami,asado,#adjetivo,
a'hué,águila,#animal,
ahuí,bailar,#verbo,
a'huí,brotar - germinar (semillas),#planta,
ahuínari,solos,,
a'huínari,aparte,,
ajó,desgranar maíz,,
ajo,mosquito - zancudo,#animal,
amá,hígado,#parte del cuerpo,
huáasi amará,hígado de vaca,#animal,
amachí,rezar,#verbo,
amarú,estar entero,,
amí,buscar,#verbo,
amígohua,amigo,,
aná,de otro modo,,
aná,ala- aleta,#animal,
a'nabáa,juntarse,,
anacha,aguantar,#verbo,
anachapa,aletear,#verbo,
a'nagú,por los dos lados,,
a'nagupi,mutuamente - unos a otros,,
anahui,medir - pesar,#verbo,
a'nahuí,al mismo tiempo,,
a'najata,perseguir,#verbo,
a'namótami,uno encima de otro,,
anara,igualar,#verbo,
ané,decir,#verbo,
anebi,le hubiéramos dicho,,
anemi,le hubiera dicho,,
aní,decir,#verbo,
anihuáami,querer decir,#verbo,
anirá,decir (futuro),#verbo,
aniríhuami,nombrado,,
aorí,táscate,#planta,
apanérohua,compañero,,
aparúami,Bravo - cruel - feroz - valiente,#adjetivo,
apé,echar a la espalda,#verbo,
apurá,hacer olas (en el agua),,
aqué,nadar,#verbo,
aquibi,desaparecer,#verbo,
arara,arado,#adjetivo,
arí,tarde,,
jipi arí,hoy en la tarde - enseguida,,
arí biché ,entonces,,
ariché,tardar - dilatar,#verbo,
arigá,a pesar de- de todos modos,,
arihua,atardecer,,
arihuá,alma,,
arihué,dejar,#verbo,
a' rínamorí,al poco rato,,
ariósibá,adios,,
arirí,!ay!,,
aró,marchitarse,,
asahua,sacudir,,
asé,montar (un animal),#verbo,
así,también,,
asibá,siéntate,,
asiba,sentarse,,
asisi,levantarse,,
atá,arco,,
atahuépata,podar,#verbo,
atí,estar sentado,#verbo,
atisi,estornudar,#verbo,
auché,otro,,
a' yapi,uno tras otro,,
auchecho,otra vez,,
ayena,sí,,
ayena cho,también - aún,,
ayénasí,sí también,,
ba'arí,mañana,,
ba'ari piché,hasta mañana,,
ba'arínara,al siguiente día,,
bacahúa,hoja de la marzorca,#planta,
bacamú,infectarse,#medicina,
bacarí,tener enfermedad venérea,#medicina,
bacó,ponerse amarillo,,
bachochi,río,#naturaleza,
bacúu,palo,,
bachá,primeramente - adelante - enfrente,#indicación,
bachá simí,avanza ,,
bacháami,ante - delante - enfrente de,#preposición,
bachagochi,hueso del tobillo,#parte del cuerpo,
bachahuara,ir adelante,,
bachéi,tener hermano mayor,#parentesco,
bachí,hermano mayor,#parentesco,
bachí,calabaza,#alimentos,
bachima,rociar,#verbo,
ba'hue,hay agua,,
ba'huí,aguantar,#verbo,
ba'huí bají,toma agua,,
ba'huira,jugo - caldo,#alimentos,
baisá,tercero,,
baisá macoy,treinta,#número,
bajácami,hinchado,#adjetivo,
baji,tomar - beber,#verbo,
bajíami,curandero,,
bajíbachami,hinchado por desnutricion,#adjetivo,
bajicháhuari,norte,,
bajichi,pozo,,
bahpuhuami,potable,#adjetivo,
bajina,hincharse,#adjetivo,
bajuhua,ir a tomar,#verbo,
bamíbari,año,,
baná,mejilla,#parte del cuerpo,
banagé,lama - moho,,
banira,arrastrar - llevar jalando,#verbo,
baquí,entrar ,#verbo,
bará,tiempo de lluvia,,
baquirini,padrino - madrina,#parentesco,
baraché,tener sed,,
ba'raguéchuri,huérfano,,
baré,cura,,
basachí,coyote,,
basi,taza - vaso,#alimentos,
basigó,lavarse la cara,,
basoná,pato,#animal,
basoná,derretir,#verbo,
basori,pozole,#alimentos,
basú,cocer - hervir,#verbo,
batari,tesguino,#alimentos,
batú,moler en metate,#verbo,
batú,mapache,#animal,
batusí,masa,#alimentos,
bayé,llamar,#verbo,
bayeba,guiar - llevar,#verbo,
bayera,invitar,#verbo,
ba'yó,estar bonito,#adjetivo,
ba'yoami,bello - hermoso - lindo,#adjetivo,
bicá,pudrir,#verbo,
ba'yori,gustar,#verbo,
bicajuca,oler mal,#adjetivo,
bicamú,salir pus,#medicina,
biché,entonces,,
bachihuá,verdad,,
bichíhuaga,jurar- prometer,#verbo,
bi'huá,limpiar,#verbo,
bihuárami,limpiarse,,
bihuara,hacer duro,,
bi'líami,chueco - torcido,#adjetivo,
bimó,neblina - polvo,,
binéami,estudiante,#escuela,
binéami,aprender - estudiar,#escuela,
binériami,maestro,#escuela,
bi'néripi,único,,
biní,hermana menor,#parentesco,
binoy,el - ella - el mismo,#pronombre,
biquiyá,tres,#número,
biré,uno,#número,
biré ciento,cien,#número,
biréana,en una sola parte,,
birina,pedernal,,
bi'rina,torcer - exprimir,#verbo,
bisiruta,rasparse,,
bisú,despellejar,#verbo,
bité,habitar - vivir,#verbo,
¿cumi bité?,¿dónde vives?,#pregunta,
biteba,pasar la noche,#verbo,
bitechi,casa,,
bití,estar acostados,#verbo,
bitichí,casa - habitación,,
bitori,plato - cazuela,#alimentos,
bi'yá,temprano,,
bocuírachi,cascada,#naturaleza,
bo'na,arrancar hierba,#verbo,
boní,hermano menor,#parentesco,
bonorí,anzuelo,,
bo'obu,desplumar,#verbo,
borogá,amarrado,#adjetivo,
bosá,llenarse comiendo,#verbo,
bot'a,soltarse - desatarse,#verbo,
botobú,hundir - sumergir,#verbo,
bucurí,hace poco,,
buchí,contener,#verbo,
ocuá litro buchí,contiene dos litros,#adjetivo,
buchíami,lleno,,
bucuríhuami,nuevo - fresco,,
buhué,camino,,
bubuigá,estar esperando,#verbo,
bujé,cobrar - quitar algo,#verbo,
buná,agacharse - inclinarse,#verbo,
buqúé,tener - poseer (animal),#verbo,
buré,amarrar,#verbo,
burito,burro,#animal,
¿cum burú?,¿dónde está el camino?,#pregunta,
busí,ojo,#parte del cuerpo,
busugachi,ciego,#adjetivo,
busurébana,despertar,#verbo,
buyana,enfermar de viruela,#medicina,
ca,llevar en la mano,#verbo,
cabítana,rodar - envolver,#verbo,
cabóchi,músuclo de pierna o brazo,#parte del cuerpo,
cabu,¿cuándo?,#pregunta,
cachagá,cadera,#parte del cuerpo,
cachí,reirse,#verbo,
cachuna,arrugar,#verbo,
cahué,caballo,#animal,
cahuí,monte - terreno,#naturaleza,
cahuíami,claro - limpio (cielo),#naturaleza,
cahuisori,cobija,,
cajé,café,#alimentos,
cajuina,derribar,#verbo,
ca'marota,ampollarse,#medicina,
cameri,sería bueno,,
cami,extraordinario,#adjetivo,
ca'mocha,hincharse la cara,#medicina,
banachí ca'móchari,se le hinzó la mejilla,#medicina,
campori,tambor,,
ca'muchí,maiz para palomitas,#alimentos,
canápuromí,en muchas parte,,
canira,alegrarse,#verbo,
caniri,estar feliz - contento,#verbo,
capaneri,campana,,
capitani,capitán,,
carí,casa,,
capona,quebrar,#verbo,
cárabá,por nada,,
cáraca,completamente,,
caré,parecerse,#adjetivo,
caré,amar - querer,#verbo,
caréami,amable,,
cari ju,es todo,,
carichí,en la casa,,
carihuérami,listo - arreglado,#adjetivo,
ca'rina,quebrar,#verbo,
ca'rígami,quebrado,#adjetivo,
casí,pierna - muslo,#parte del cuerpo,
casibacha,pantalón - calzón,#ropa,
catehua,alzar - guardar,#verbo,
cobata,enchilar a otra persona,#verbo,
cobisi,pinole,#alimentos,
coché,ahogarse,#verbo,
catá,arco,,
casuna,bajar del monte,#verbo,
cochí,perro,#animal,
cayena,terminar - levantar,#verbo,
cochí,hermana mayor,#parentesco,
cochí,dormir,#verbo,
cochi,marrano,#animal,
cochinari,tener sueño,#verbo,
Echirigá ju,así es,,
cóami,picante,#sabor,
cochírahua,ceja,#parte del cuerpo,
cohua,dar de comer,#verbo,
co'huá,comer,#verbo,
co'huáami,alimento - comida,#alimentos,
co'ué,comer mucho,#verbo,
co'huí,matar- asesinar,#verbo,
comichi,arroyo,#naturaleza,
comurachi,cárcel,,
coná,tostar,#verbo,
coná,sal (condimento),#alimentos,
cónahua,donar- regalar,#verbo,
co'nari,tener hambre,#verbo,
cor,obsequiar- regalar,#verbo,
conomí,arcoiris,#naturaleza,
cóo,dar de comer,#verbo,
cora,obsequiar- regalar,#verbo,
corá,frente (cabeza),#parte del cuerpo,
corácami,amargo,#sabor,
coraca,picante,#sabor,
corachi ,cuervo,#animal,
corí,chile,#alimentos,
córima,regalar,#verbo,
corimena,miel de abeja,#alimentos,
corochi,saltamontes,#animal,
corogá,collar,#vestimenta,
ocorú,codiciar - desear mucho,#verbo,
corúcami,envidioso - codicioso,#adjetivo,
cosibera,banca,#escuela,
cotúura,dar comida,#verbo,
co'yacha,sombrero,#vestimenta,
coyera,paño para cabeza,#vestimenta,
cu,otra vez,,
cu,leña - madera,#planta,
cúchara,hijos,#parentesco,
cúchuhua,tener hijos,#verbo,
cohuana,tostar,#verbo,
cohuana,al otro lado - detrás,,
cuhué,tiempo de calor,,
co'huira,ayudar - salvar,#verbo,
cuira,hola,,
cu'lina,espeso,#adjetivo,
cu0luhua,derramar - tirar (líquido),#verbo,
cumé,estorbar - molestar,#verbo,
cumí,comer,#verbo,
cumi,¿Dónde? - ¿A dónde?,#pregunta,
cumi simí,¿A dónde vas?,#pregunta,
cumúchari,tío (hermano mayor del padre),#parentesco,
cumurachi,casa de la comunidad,,
cuná,marido - esposo,#parentesco,
cunama,enviudar,#verbo,
cunámami,viuda,#adjetivo,
cusí,palo,,
cupá,cabello,#parte del cuerpo,
cupí,cerrar los ojos,#verbo,
cupisi,luciérnaga,#animal,
cupucha,pestañear,#verbo,
cusibera,banca,#escuela,
cusuchí,nalga,#parte del cuerpo,
cutá,cuello - garganta,#parte del cuerpo,
cutámachi,nuca,#parte del cuerpo,
curipi,hace poco,,
curichi,tío (hermano mayor de la madre),#parentesco,
cursi,cruz,,
cúruhui,niños - muchachos,,
cuseba,colgarse - ahogarse,#verbo,
cusébana,ahorcar - estrangular,#verbo,
cusera,flauta,,
chá,feo,#adjetivo,
chá,tener granos o llagas,#medicina,
chabé,antes - hace poco - el otro día,,
chabé choquichí,al principio,,
chabóa,barba - bigote,#parte del cuerpo,
chabochi,mestizo,#adjetivo,
chacá,chanate,,
cha'i,apretarse - atorarse,#verbo,
chamarí,venado,#animal,
cha'merohua,lengua,#parte del cuerpo,
chané,sonar mal,#verbo,
chapí,agarrar,#verbo,
chaquena,a un lado,,
charóara,quijada,#parte del cuerpo,
charóarahua,barba - bigote,#parte del cuerpo,
chati,feo - mal,#adjetivo,
chérami,vieja (cosa),#adjetivo,
chí,me,,
chibá,chiva,#animal,
chibi,mal,,
chicónami,hueco,#adjetivo,
chicuri,ratón,#animal,
chi'eé,cuñado - cuñada,#parentesco,
chigá,¿quién?,#pregunta,
chigó,robar,#verbo,
chigórami,ladrón,,
chihuá,pegar,#verbo,
chi'hua,romperse - cortarse,#verbo,
chi'huana,romper - cortar,#verbo,
chihuí,guajolote,#animal,
chi'í,tomar pecho,#verbo,
chijisó,picar,#verbo,
chijuna,dar asco - menospreciar,#verbo,
chimorí,ardilla,#animal,
chi'múcari,calabacita,#alimentos,
chi'mura,seno,#parte del cuerpo,
chiná,despeinado,#adjetivo,
chinasa,esconder,#verbo,
chiní,manta - ropa,,
chiquí,camote,#alimentos,
chipú,estar amargo,#sabor,
chipó,palpitar,#medicina,
chipó,salpicar - brincar,#verbo,
chi'rá,amanecer,,
chi'ré,importar,#verbo,
¿chu chiré,¿Qué importa?,#pregunta,
que chireco,no importa,,
chi'reba,pasar la noche,,
chi'ré,pasar un tiempo,,
chirena,sudar,#verbo,
chirí,queja,,
chirigá,de ninguna manera,,
chirihuperaba,no hay de que - de nada,,
chi'ró,aletear,#verbo,
chirúrami,círculos,,
chócami,negro,#color,
chocó,estar agrio,#sabor,
choba,quemarse por el sol,,
chocoba,rodilla -hincarse - ponerse de rodillas,#parte del cuerpo,
chocoóbara,madrastra,#parentesco,
chochora,entumirse (pie o brazo),#verbo #medicina,
cho'huá,apagar fuego,,
cho'má,resfriarse - moco,#verbo #medicina,
cho'méami,mocoso,#adjetivo #medicino,
chomá,nariz,#parte del cuerpo,
cho'mabú,limpiarse la nariz,,
cho'márachi,hoyo de la nariz,#parte del cuerpo,
cho'ná,golpear - pegar,#verbo,
cho'maná,tener tos - catarro,#verbo #medicina,
chonachona,obscurecer,,
chónami,sucio,#adjetivo,
cho'ó,hocico,#animal,
cho'obáchari,máscara,,
chopé,ocote,#planta,
chopi,solamente - pero - sino,,
chu iquí,¿Qué pasa?,#pregunta,
chu quipu,¿Cuánto? - ¿Qué cantidad?,#pregunta,
chu yena,¿a qué hora?,#pregunta,
chu mi iquiri,¿qué te parece?,#pregunta,
chu yiri,¿Qué color?- ¿cuál?,#pregunta,
choquéami,veces,,
choquira,culpable,#adjetivo,
choquira,prinicipio,,
chóruhua,mugre - suciedad,,
chorohuera,ensuciarse,#verbo,
choyá,encogerse,#verbo,
choquira ju,tiene la culpa,,
choró,estar pegajoso,#adjetivo,
chúbirigá,de alguna manera,,
chuché,¿qué?,#pregunta,
chuhué,como quiera,,
chuhué biré,cualquier,,
chu'huechi,panteón - tumba,,
chu'huí,espiritú - fantasma,,
chu' huiró,sepultar - enterrar,#verbo,
chumarí,venado,#animal,
chuná,higuera,#planta,
chuná racara,higos,#alimentos,
chupará,sacar punta,#verbo #escuela,
chupéami,agudo - puntiagudo,#adjetivo,
churi,perrito,#animal,
churicó,¿Cuándo? ¿qué día?,#pregunta,
churigá,¿cómo? ¿de que manera?,#pregunta,
churigá mi mayé,¿qué te parece?,#pregunta,
churipí,pollito,#animal,
churubi rahué,todos los días,,
churuguí,pájaro,#animal,
chuseá,¿por qué?,#pregunta,
chuyiripi,cualquiera,,
echaní,así dice - eso dice,,
echarí,entonces - más allá,,
echi,ése - ésa - aquel,#pronombre,
echi jaré,esos - esas,#pronombre,
echijiti,por causa de - por lo tanto,,
echimí,aquel - aquella,#pronombre,
echiquí,esa cantidad,,
echo'ná inaro,allá viene,,
garabé,muy bien - muy bueno - perfecto,,
garana,mejorarse - convertirse,,
garani machí,estoy seguro,,
garara,componer - mejorar,#verbo,
garé,amar - querer,#verbo,
hua,flecha,,
hua,madurarse (fruta o verdura),#alimentos,
huabé,muchísimo,,
gará,bueno,,
gará aní,ponerse de acuerdo,,
huacasí,vaca - res,#animal,
huacocha,estar chueco o encorvado,#adjetivo,
hua'ché,atiestarse de frío,,
huachíami,derecho - recto,#indicación,
huachica,costilla,#animal,
huajó,zancudo,#animal,
hua'ícari,esófago,#parte del cuerpo #medicina,
huaminá,por allá,#indicación,
huaminá arihué,abandonar,#verbo,
huaminá 'masa,escaparse,,
huaminá pa,arrojar,#verbo,
huaminabi,mucho más,,
huaminana,después - más adelante,,
huaná,lejos,#indicación,
huanihuí,apartarse,,
huanihuí,pasado mañana,,
huanihuí rocogó,anteanoche,,
huaqué,secar,#verbo,
huaquiché,secarse,,
huaquichéami,seco,#adjetivo,
quiná,acá - por acá,#indicación,
huamí,allá - más,#indicación,
huaré,quizás - tal vez,,
huarina,veloz,#adjetivo,
huarú,grande - mucho,#adjetivo,
huarú ba' huechi,mar,#naturaleza,
huarubé,enorme - gigante - inmenso,#adjetivo,
huarúrachi,ciudad,,
huasa,cocinar,#verbo,
huasarara,azadón,,
huasí,cola,#animal,
huasí,suegra,#parentesco,
huasoná,pato,#animal,
huataca,estar fuerte,#verbo,
huatácammi,fuerte,#adjetivo,
huató,estirarse,,
huatoná,estirarse,,
huatónari,atole - pinole,#alimentos,
huayé,hermana menor,#parentesco,
hie,muy - mucho,,
huabé,muchísimo,,
huenumí,dinero,,
huenomí rojuácami,cambio (dinero),,
huepi,solamente - nada más,,
huera ,criar,#verbo,
huisa,agarrar - arrebatar,#verbo,
 huihuachi,la pizca,,
huiba,bañarse,#verbo,
huicá,mucho más,,
huicabé,muchísimos,,
huicahua,perdonar,#verbo,
huicáhuaraba,de nada - por nada,,
huicáhuari,perdón,,
huicaná,en muchas partes,,
huicari,olvidarse,,
huicará,cantar,#verbo,
huicó,abejorro,#animal,
huicohuí,hongo,,
huicheami,piojoso,#adjetivo,
huichí,piel - cuero,,
huicuhui,chiflar,#verbo,
huichá,aguja,,
simabo,vamos a pie,#indicación,
huichí,suelo,,
huichí,caerse,,
huichiba,caerse,,
huichibebcha,rasparse,#verbo #medicina,
huichimoba,mundo,,
huichó,lavar ropa,#verbo,
huichorí,barro,,
huigáami,perdido,,
huíi,lazar - amarrar (un animal),,
hui'í,manteca,#alimentos,
huijáhua,colgar,#verbo,
huiqué,deber,#verbo,
huiquiá,extraviarse - perderse,#verbo,
hui'rá,arete,,
huiputa,tener demasiada hambre o sed,,
huiquiyá muhué,multiplicar,#verbo #escuela,
huirá,parar,#verbo,
huiráami,vieja - anciana,#adjetivo,
huiraba,detener,#verbo,
hui'ré,ancho,#adje,
hui'rí,estar largo,,
hui'ribé ,muy extenso,,
huiriba,pararse,,
huiríbari,empezar a llover,,
huiribeco,después,,
hui'rique,mucho despé,,
hiuirihuirira,andar (haciendo algo),#verbo,
huirisa,levantarse,,
huisiburi,paño - trapo,,
huisogá,lodo - zoquete,#naturaleza,
huisú,ordeñar,#verbo,
huiya,mecate,,
huiyé,madre,#parentesco,
hui'ye,tierra - barro,#naturaleza,
ibiri - ibíripi,cada uno - unos a otros,,
ibócari,chile (colorado - grande - seco),#alimentos,
icá,hacer aire,,
icárata,abanicar,,
icosa,quemarse por el sol,,
ichá,sembrar,#verbo,
icháami,sembrador,#adjetivo,
iché,picar - inyectar,#verbo,
ichipa,esconderse,,
ichuromí,todo el cuerpo,#parte del cuerpo,
igúsuhuami,autoridades,,
ihuará,agujerar - perforar,#verbo,
ihué,muchachas,,
ihué,tierra,,
ihuepa,tirar (al suelo),#verbo,
ihuérami,fuerte,#adjetivo,
i'huita,enredarse,,
imá,hígado,#parte del cuerpo,
ijínari,éramos - eran,,
imaséhuami,caerse - tropezar,,
imúami,voraz,#adjetivo,
i'ní,volar,#verbo,
iqué,ventilar,#verbo,
iquí,acontecer - suceder,,
chu mi iquiri,¿qué te pasó?,#pregunta,
iquí,picar - morder (animal),#medicina,
iquíi ,saber (lo que pasó),#verbo,
irá,nopal,#alimentos #planta,
irapa,abrir,#verbo,
irápara,llave,,
irápata,abrirse,,
irápatami,abierto,,
iré ,estar bueno - servir,#verbo,
ireta,explicar bien,#verbo,
irí,cerco,,
irura,ciertamiente,,
isaba,descansar,#verbo,
isí,orinar,#verbo,
itiyeri,jugar,#verbo,
iyéata,estar abierto,,
iyénasí,hasta que,,
jaba,pararse,,
jabu,caballo,#animal,
jácami,vivo,,
jami,por aquí - por este lado,#indicación,
janiri,estar contento,,
jasa,levantarse,,
jeré,así es,,
jícuri,peyote,#planta,
jiero,fierro,,
jecuá,aca esta,,
jínohua,tener hijos,#parentesco,
jipi,ahora,,
mapujiti,porque,,
jiyá,apresurarse,,
jiyata,apresurarse,,
jiyero ,hierro,,
jócari,camaleón,,
jochi,hoyo de la nariz,#parte del cuerpo,
jóhua,apuntar - señalar,#verbo,
jonsa,desde - de ,,
jora,escarbar (hoyo),#verbo,
ju - juco - jupá,ser - estar,#verbo,
jubá,atrás,#indicación,
jubáami,por atrás,#indicación,
jubá ocuá,hacia atrás,#indicación,
cha jubá,tener mal olor,#adjetivo,
jubáami,al fin - finalmente,,
jubánara,anterior,,
jubé,mesa - banca,#escuela,
jubí ,esposas,,
juca ,oler,#verbo,
jumsa,huir,#verbo,
jurá,enviar - mandar (mensaje),#verbo,
jurárami,mandado,,
juri,si seguro,,
juma,correr,#verbo,
la,sangre,#medicina,
nijé lalá,mi sangre,#medicina,
lábara,venado,#animal,
lábari,nervio,#medicina,
lamú,adolorido por golpe,#medicina,
lánami,anaranjado,#color,
lasiba,oxidarse,,
lasíbami,oxidado,#adjetivo,
léami,sangriento,#adjetivo,
lena,sangrar - desangrar,#verbo,
limeta,botella de vidrio,,
loca,batir - mezclar,#verbo,
lohua - 'loché,tener hambre,#verbo,
lohuari,hambre,,
lohuera,abanico,,
luhuíami,usado - gastado,#adjetivo,
ma,correr,#verbo,
ma'agá,ciempiés,#animal,
mabá,vamos,,
macari,cuarta (medida),,
macahui,paloma,#animal,
macoy,diez,#número,
macó,agarrar,#verbo,
macoy miná biquiyá,trece,#número,
macoy miná bire,once,#número,
macoy miná marí,quince,#número,
macoy miná nahuó,catorce,#número,
macoy miná ocuá,doce,#número,
macúsuhua,dedo,#parte del cuerpo,
machá,garrapata,#animal,
machí,saber - conocer,#verbo #escuela,
machí ,verse bien,,
machíami,claramente,,
machíri,podria ver,,
machí oserí 'néniya,saber leer,#verbo #escuela,
machibú,sacar punta,#verbo #escuela,
machiná,afuera,#indicación,
machíi,ver bien,#verbo ,
machina,salir,#verbo,
machira,descubrir - mostrar,#verbo,
machiri,alacran,#animal,
machíriami,que puede ver,,
que machíriami,ciego,#adjetivo,
mahuiyá,león - puma,#animal,
majajá,espantarse,,
majaga,temer - tener miedo,#verbo,
majáami,cobarde - miedoso - temeroso,#adjetivo,
majajara - majajárata,asustar - espantar,#verbo,
majárami,nervioso,#adjetivo,
maní,contener un líquido,,
mapari,cuando,,
maparí jonsa,desde que,,
mapo'na,dónde,,
mapujiti,para - que - el cual ,,
mapu iquí,cuánto,,
mapuyena,mientras,,
mapuyénasi,hasta que,,
mapuyiri,semejante,,
mapuyíripi,cualquier,,
mará,hija,#parentesco,
maracá,paleta,#alimento,
marachi,sobaco,#parte del cuerpo,
marí,cinco,#número,
marí,padre (de la hija),#parentesco,
marisa,quinto,,
marisa macoy,cincuenta,#número,
masa ,huir,#verbo,
masó,amasar,#verbo,
matá,metate,,
mató,hombro,#parte del cuerpo,
matora,llevar - cargar (en la espalda),#verbo,
matosá,canas,#parte del cuerpo,
matosé,tener canas,#verbo #parte del cuerpo,
mayé,creer que sí - pensar - opinar,#verbo,
mayé,tener celos,#verbo,
me,maguey,,
me ,traer,#verbo,
me ,tanto - mucho,,
me ,ganar sueldo,#verbo,
me ,mezcal,#alimento,
méchuri,cordero,#animal,
meta,arrear - llevar (animales),#animal,
mi,aquel - aquella,,
micá,lejos,,
micabé,muy lejos,,
micabéana,alejarse - retirarse,,
michá,luna - mes,,
michira,astilla,,
michira,alacran,#animal,
michona,martillar,#verbo,
michora,marro - mazo,,
michóntami,clavado,#adjetivo,
misi,gato,#animal,
michú,abollarse,,
michúnari,aplastar,#verbo,
mijírami,asado - tatemado,#adjetivo,
sapá mijírami,barbacoa,#alimento,
minana,mas allá - poco después,,
mi'ró,desmayarse,,
misucuá,zarzamora,#alimento,
mitá,ganar (juego o carrera),#verbo,
mitáchana,aplastar,#verbo,
mitáchami,aplastado,#adjetivo,
miteba,tocerse (tobillo),#medicina,
mi'yá,asesinar - matar,#verbo,
miyérati,madrastra,#parentesco,
mo,subir,#verbo,
moba,sobre - encima,,
mocuásari,quelite,#alimento,
mochocuá,helecho,#planta,
mochogohua,tener cerebro,#parte del cuerpo,
mo'huá,encerrar,#verbo,
mojuana,quebrar,#verbo,
mo'né,yerno,#parentesco,
mo'ó,cabeza,#parte del cuerpo,
mo'orí,nuera,#parentesco,
morí,humo,,
morisó,hollin ,,
morisó,ahumarse,,
morisota,ahumarse,,
mosí,desmenuzar,#verbo,
motosá,canas,#parte del cuerpo,
mubú,elevar,#verbo,
mucú,morirse - fallecer,#verbo,
mucúami,muerto - difunto,,
múchari,nene - criatura,,
muchínara,querer senarse,,
muchuhua,poner,#verbo,
muguí,mujeres,,
mugúsuhuami,epiléptico,,
muhuehua,aumentar,#verbo,
mujé,tu - usted,#pronombre,
mujeru,¿y tú?,#pregunta,
mujé binoy,tú mismo,,
muné ,sembrar frijol,#verbo,
muquira,hembra,,
torí ,gallina,#animal,
muripi,cerca,,
murubé,muy cerca,,
murubpe bitéami,vecino,,
murubéana,acercarse,,
muté,aplastarse,,
muteta,aplastar,#verbo,
na - nari,éste - ésta,,
na'á,quemar,#verbo,
náapa,alcanzar,#verbo,
na'árami,quemado,#adjetivo,
nabé,poco más allá,,
naca,de lejos,,
nacá,oreja - oído,#parte del cuerpo,
nacarópari,mariposa,#animal,
nacátara,hacer mucho ruido,#verbo,
cha nacátara,callate,,
nacóo ,pelear,#verbo,
nacuba,borrar,#verbo,
nacurihua,cambiar,#verbo,
nacuríhua,transformar,#verbo,
nachigó,amarrar - anudar,#verbo,
nachibuí,alcanzar,#verbo,
nachupa,conectar,#verbo,
nachuta,repartir - distribuir,#verbo,
na'érami,prendido,#adjetivo,
nahuá,raíz,#planta,
nahuají,cantar,#verbo,
nahuará,enraizar,#verbo,
nahuara,dar a luz ,#verbo,
nahuesa,avisar - predicar,#verbo,
nahuíi,acercarse,,
nahuó,cuatro,#número,
na'í,aquí,,
na'í,lumbre,,
najata,seguir,#verbo,
najirémami,hermanos,,
nami,oír,#verbo,
namuti,cosa - animal,,
na'oma,tapar,#verbo,
napacha,camisa,#vestimenta,
napachota,pegar - juntar ,#verbo,
napahuí,juntarse,#verbo,
napé,juntarse - casarse,#verbo,
napéa,también - con - juntos,,
napíhuari,nixtamal,#alimento,
napisó,polvo - ceniza,,
napó,tuna,#alimento,
napó,deshierbar - quitar hierba,#verbo,
napora,cubrirse la cara,,
napona,quebrar,#verbo,
naquétari,sordo,#adjetivo ,
naquí,querer - desear,#verbo,
nará,llorar,#verbo,
narácuri,caracol,#animal,
naraquéami,llorón,#adjetivo,
narasi,naranja,#color,
naré,recibir - aceptar,#verbo,
narepa,saludar,#verbo,
nariyochi,lobo,#animal,
nariyochi,éste - ésta,#pronombre,
na'rohua,con - también,,
na'rina,quebrar,#verbo,
na´sinami,perezoso,#adjetivo,
nasipa,medio,,
nasipa recogó,medianoche,,
nasipasí,mitad,,
nasípasigó,miércoles,,
nasinácuri,tener flojera,,
narúchari,araña,#animal,
nasó,guardar - esconder,#verbo,
nasó,mezclarse - revolver,,
nasóami,revuelto,,
nasohua,mezclar,#verbo,
0nata,pensar,#verbo,
natabú,perforar - taladrar,#verbo,
nataguésuri,tonto,#adjetivo,
nátami,pensador - inteligente,#adjetivo,
nate,difícil - trabajoso,#adjetivo,
huabé 'nate ju,está muy difícil,#adjetivo,
natéami,costoso,#adjetivo,
natepa,encontrar,#verbo,
natépari,liston,,
nateta,pagar,#verbo,
natérarabá,gracias,,
natétarahua,pagar,#verbo,
natibú,atajar,#verbo,
natigara,paga - valor,,
quipu natiguí,¿Cuánto vale?,#pregunta,
nayá,mucho antes,,
nayáhuari,antepasado,,
nayuna,enfermarse,#medicina,
nayúami,enfermo,#adjetivo #medicina,
nayurí,enfermedad,#medicina,
né,ver,#verbo,
ne,mirar - observar,#verbo,
ne,muy - sumamente,,
néchigo,igual,,
née,usar,,
nehuará,acordarse - recordar,#verbo,
neni,mirar,#verbo,
nepi,muchísimo,,
nera,mostrar,#verbo,
ni biré,ni uno,,
nicá ,ladrar,#verbo,
ne'ogá,voz,,
nicá ,ladrar,#verbo,
nicóami,asesino,,
nicahuera,estar orgulloso,#verbo,
nigúurami,ayudante,,
nigá,viéndolo - mirandolo,,
nigúura,ayudar - salvar,#verbo,
nihúa,hacer,#verbo,
nihua,tener - poseer ,#verbo,
níhuami,poseedor - rico,#adjetivo,
ni'huá,relampaguear,#verbo,
nihuícohua,casarse,,
nihuíi,hacer,#verbo,
nijá,dar - entregar,#verbo,
nijehua,hacer caso - contestar - responder,#verbo,
nijiyá,pon atención,#escuela,
nijí,dar - entregar - obsequiar,#verbo,
nijohua,invitar,#verbo,
ni'mayé,tener celos,#verbo,
ni'mayéami,celoso,#adjetivo,
nimí,yo a ti,,
nimí garé,yo te amo,,
nimica,contradecir,,
niná,ver,#verbo,
nipá,cobrar - quitar algo,#verbo,
nipáami,cobrador,,
niquí,picar,#verbo,
níraga,ser,#verbo,
echirigá níraga,así sea,,
nírasi,sean,,
nírata,animar - dar fe,,
nirú,hay,,
nisé,cuidar - pastorear,#verbo,
nitapa,aplastar,#verbo,
ni'yúbana,soltar,#verbo,
ni'yusa,soltarse -escaparse,,
no,hijo,#parentesco,
no ,confiar - admirar,,
nicá ,moverse,,
nocuisa,seguir haciendo,,
nochá,tentar - tocar,#verbo,
nocha,trabajar,#verbo,
nóchami,obrero - trabajador,,
nochárata,emplear,#verbo,
nóchari,dificil,#adjetivo,
nóchari,trabajo,,
noguí,casi,,
nohua,tener un hijo,#parentesco,
nóochami,orgulloso,,
nóochami,tener orgullo,,
niporí,inundar,#verbo,
niporíbana,cubrir con agua,#verbo,
noqué,moverse,,
nocuá,moverse,,
noré,rodear,#verbo,
noré,estar nublado,#verbo,
noreba,nublarse,,
noreba,dar vuelta,#indicación,
norí,nube,#naturaleza,
norigá,alrededor,,
norina,volver - venir,#verbo,
norira,andar dando vueltas,#verbo,
norírahuachi,semana santa,,
nosobú,descomponer - echar a perder,#verbo,
nosohuí,descomponerse,,
norohuí,ocultarse,,
norohuiri,desaparecerse,,
nurá,mandar - ordenar,#verbo,
riosi nurarira,los mandamientos de Dios,,
nuraríhuami,ley - mandamiento,,
nuré,mandar - ordenar,#verbo,
nuté,guardar - retener,#verbo,
nuté,alzar,#verbo,
nuté,tener comiga,,
nutugá,lonche - merienda,#alimento,
nututa,hacer merienda,#alimento,
ocó,doler,#verbo #medicina,
ocorá,tiene dolor,#adjetivo #medicina,
ocó,pino,#planta,
ocochí,dormir,#verbo,
ocuá,dos,#número,
ocuá,de - desde,,
ocuánica,ambos,,
ocubá,estar plano,#verbo,
ochébana ,criar,#verbo,
ochéi,tener huesos,#verbo #medicina,
ochera,crecer,#verbo,
ochera,envejecer,#verbo,
ochera aní,tiene hipo,#verbo #medicina,
ochérami,viejos - ancianos,,
ochérami,viejo,#adjetivo,
ochí,hueso,#medicina,
ochícari,abuelo paterno,#parentesco,
ochícari,nieto,#parentesco,
ochobé,chamuscar,#verbo,
ochobeta,quemarse por el sol,,
ochoréami,mugriento,#adjetivo,
ochorí,barro,,
ohuá,flecha,,
ohua,curar,#verbo,
ohuáami,medicina - remedio,#medicina,
o'huari,grande,#adjetivo,
ohuí,invitar,#verbo,
o'huibichi,zurdo,,
o'huicha,levantarse,,
cu o'huína,resucitar,#verbo,
o'huina,comenzar,#verbo,
o'huiná,izquierdo,,
o'huiqué,respetar - obedecer,#verbo,
o'huiqué,dar comida ,#alimento,
ojuí,oso,#animal,
omá,también - con - juntos,,
o'máana,en todas partes,,
omahua,hacer fiesta,#verbo,
omohuárahuachi,día de fiesta,,
omáhuari,fiesta,,
oméachi,domingo,#día de la semana,
omeba,vencer,#verbo,
omée,estar dificil,#verbo,
omérahuami,poder,,
omériami,poderoso,#adjetivo,
omero ,poder,,
o'mona,estar triste,#verbo,
o0mónami ,triste,#adjetivo,
o'nami,doctor - médico,#medicina,
oné,tener padre,#parentesco,
onorúami,padre (de la hija),#parentesco,
onó,estar enojado,#verbo,
onorúami,Dios Padre,,
opesi,vomitar,#verbo #medicina,
opó,arrancar - sacar,#verbo,
opoáami,hueco,,
opochi,tía,#parentesco,
orá,hacer - obrar,#verbo,
oroyá,haciéndolo,,
orá,tener filo,#verbo,
oráami,afilado,#adjetivo,
orara,afilar,#verbo,
orari ,quiso (de querer),,
oré,huella,,
o'rí,español,,
o'rí,tambalearse,,
orí,hacer así,,
o'rina,ladear,#verbo,
o'rina,quebrar,#verbo,
osá,escribir,#verbo,
osá,segundo,,
osá macoy,veinte,#número,
osá nahuó,ocho,#número,
osa nahuosa macoy,ochenta,#número,
osé,escribir,#verbo,
oserí,papel - carta,#escuela,
oserí 'nena,leer,#verbo #escuela,
oserí osé,levantar un acta,,
otérami,muela,#parte del cuerpo #medicina,
otobé,canasta grande,,
otohuá,rama grande,#planta,
otoná,derecho,,
óyami,curandero - médico,#medicina,
oyera,regañar,#verbo,
oyera,dar consejos,#verbo,
oyera,llamar la atención,#verbo,
o'yó,vomitar ,#verbo,
o'yona,tener ganas de vomitar,,
pe o'yó,poco a poco,,
pa,traer,#verbo,
pa,tirar - echar,#verbo,
paayé,arriba,,
pabaca,lavar,#verbo,
pabera ,acarrear en la espalda,#verbo,
paca,colar,#verbo,
pachá,adentro,#indicación,
ri're pachá,debajo,#indicación,
pachá bachá,meter,#verbo,
pachá bachara encarcelar,,#verbo,
pachí,elote,#alimento,
pachoca,remendar,#verbo,
pachú,gotear,#verbo,
pagó,lavar,#verbo,
pagó,bautizar,#verbo,
pagóami,el que bautiza,,
pagónara,el día anterior,,
pagótami ,gente,,
pagué,remojar,,
pánara ,querer traer,,
pasá,echar - tirar,#verbo,
pasó,remojar,#verbo,
pasochi,zorrillo,,
payéhuachi,zanja,,
pe,poco,,
pe ocuá,pocos,,
pebi,muy poco,,
pe táa,poquito,,
pe risensi,por favor,,
pe téeri,chaparro,#adjetivo,
pe téeri,un rato,,
pe téeri ripí,demora,,
péebi,poquito,,
péebi ratáami ,tibio,,
pehua,fiumar,,
péhuari,cigarro,,
pénama,aprenderé,#escuela,
pénami,que puede aprender,#escuela,
perí,petate,,
pericó,por favor,,
pibá,zambullirse,,
pibíiri,remolino,,
piché,hasta,,
ba'arí piché,hasta mañana,,
pichí,barrer,#verbo,
pichira,escoba,,
pihuácami,fumador,#adjetivo,
píhui,remoler,#verbo,
pioni,peón,,
piré,vivir - habitar,#verbo,
piri,¿qué?,#pregunta,
piri ju,¿qué es?,#pregunta,
pochí,brincar,#verbo,
pora,cubrir - tapar,#verbo,
porapa,destapar,#verbo,
posá,llenarse comiendo,,
poyaca,desabrido,#sabor,
pu',faisán,#animal,
pucha,soplar,#verbo,
pura,cinturón - faja,#vestimenta,
qué,fue - era - siendo,#verbo,
que,hija grande,#parentesco,
queba,retumbar,#verbo,
quecha,masticar,#verbo,
quemi,tuyo,#pronombre posesivo,
queni,mío - mía - mi - mis,#pronombre posesivo,
quepu,su - sus,#pronombre posesivo,
quere,quizá - tal vez,,
queta,nuestro - nuestra,#pronombre posesivo,
quétamo,su - sus,#pronombre posesivo,
quetasi,no,,
quicháo,siete,#número,
quicháosa,séptimo,,
quicháosa macoy,setenta,#número,
quichí,aborrecer,#verbo,
qui'huí,traer leña,#verbo,
quimá,cobija,,
químacoy,nueve,#número,
quimacoysa,noveno,,
quimacoysa macoy,noventa,#número,
quimé,tener cobija,#verbo,
quimira,sábana,,
qui'mo,morder,#verbo,
quiná,acá - por acá,#indicación,
quipá,nevar,#verbo #naturaleza,
quiparí,nieve,#naturaleza,
quipú,escuchar,#verbo,
quipu,¿Cuánto?,#pregunta,
quirá,calmarse,,
quirá,hija,#parentesco,
qui'raca,crujir los dientes,,
quirí,quieto - silencio,,
asagá,cállate,,
quirí niráa,poco a poco,,
rabó,cerro - cordillera,#naturaleza,
rabota,tener calambre,#verbo #medicina,
rabótami,entumido,,
racá,semilla,#planta,
rachí,aplastarse,,
rachina,aplastar,#verbo,
ra'e,conocer (lugar),#verbo,
rahuá,ligamento,#medicina,
rahué,día,,
rahué,pecho,#parte del cuerpo,
rahué,volver,#verbo,
nijé rahuira,mi pecho,#parte del cuerpo,
rahuihui,gavilán,,
rahuirí,mediodía,,
ra'íami,que tiene apetito,,
ra'icha,hablar - platicar,#verbo,
ra'ama,reprender - prohibir,#verbo,
ra'íchami,hablador,#verbo,
ra'ichárami,idioma,,
ra'íchari,palabra,,
ra'ihuá,gustar (comida),#verbo #alimento,
rajá,alumbrar - arder - quemar,#verbo,
rajáami,ardiente,,
rajamó,peñasco,#naturaleza,
rajé,iluminar,#verbo,
rajirí,vela,,
ra'lá,derramarse,,
ra'lana,extender - exparcir,#verbo,
ramé,diente,#parte del cuerpo,
ramé otéramachi jáhuami,muela,#parte del cuerpo,
ramú,ponerse negro por un golpe,#medicina,
raná,parir,#verbo,
raná,hijo,#parentesco,
ra'náchani,sonar,#verbo,
ran'né,disparar,#verbo,
ranné,tener hijo,#parentesco,
tanéami,que tiene hijos,#parentesco,
ranícuri,talón,#parte del cuerpo,
echo'ná ranícuchi,le duele su talón,#parte del cuerpo #medicina,
ra'oa,agacharse,,
rapá,rajarse - partirse,,
rapana,rajar - partir,#verbo,
raoaci,ayer,,
rapárachi,rendija,,
rapirá,rebanar,#verbo,
rapirátachi,patio,,
raquibú,empujar,#verbo,
rará,comprar,#verbo,
raráami,comprador,,
rará,pie,#parte del cuerpo,
ra'rana,desparramar - extender,#verbo,
raramú,caer un rayo,#verbo,
rarámuri,tarahumara - gente,,
rarámuri niráa uchucha,interpretar - traducir al tarahumara,,
rarámuri ra'ícharara,idioma tarahumara,,
rarinéa,vender,#verbo,
rasá,machucarse,,
rasáami,blando,,
rasana,machucarse,,
rasíami,desobediente,#adjetivo,
rasiba,oxidarse,,
rasícari,ligamentos de la rodilla,#medicina,
rasó,desulmbrar,,
rasuca,calentarse al sol,,
ratá,hacer calor,,
ratá,disparar con un rifle,#verbo,
rataba,relumbrar - brillar mucho,,
ratabáachi,cuando hace calor,,
ratabacha,calentar,#verbo,
ratábami,brillante,,
ratara,tener calentura - fiebre,#medicina,
raté,tío - tía - primo - prima,#parentesco,
rayena ,hacer sol,#naturaleza,
rayénari,el sol,#naturaleza,
ricamuchi,comadreja,#animal,
ricóchari,pedernal,,
ricomarí,frijol,#alimento,
ricú,emborracharse,,
ricuchuri,grillo,#animal,
ricurí,borracho,#adjetivo,
ri'é,jugar,#verbo,
ri'echa,malgastar - jugar,#verbo,
rihuá,nombre,,
rihuá,ver - hallar,#verbo,
ri'huá,hacerse liso,,
ri'huana,alisar - aplanar - cepillar,#verbo,
rihuará,nombrar,#verbo,
rihué,llamarse - tener nombre,#verbo,
rihuera,tener vergüenza,,
rihuérata,avergonzarse,,
rihuí,cuesta arriba,#indicación,
rihuí,mostrarse,,
rihuinra,mostrar,#verbo,
rihuisáa,viéndolo,,
ri'í,gemir - lanzar quejas,#verbo,
ri'ícami,que se queja,,
ri'ibú,limpiar frijol,#verbo #alimento,
ra'icha,echarse a perder - desperdiciar,#verbo,
ra'íchani,gemir - lanzar quejas,#verbo,
ri'iquéami,jugador,,
ra'inana,para arriba,#indicación,
rijachi,arroyo,#naturaleza,
rijata,desgastarse,,
rijé,granizo,#naturaleza,
rijí,mentar - poner apellido,,
rijóara,vivir allí,,
acha rijóara echo'ná,¿vive alguien allí?,#pregunta,
rijorá,aguantar ,#verbo,
rijoy,hombre,,
sihuará,intestino,#parte del cuerpo #medicina,
ri'marí,joven,,
rimé,tortilla,#alimento,
rimério,curandero - crucifijo,,
rimó,rana,#animal,
rimú,soñar,#verbo,
ri'ná,nivelar,#verbo,
ri'ná,boca arriba,,
riná,abrir la boca,,
ri'náami,parejo,,
ri'nabuca,al revés,,
ri'nahuí,caerse,,
ri'nará,emparejar,#verbo,
riní,boca arriba,,
ri'obá,iglesia - templo,,
riosi,Dios Padre,,
ripá,arriba,,
ripabé,muy alto o arriba,,
ripáami ju ,está muy alto,,
ripá,rascar,#verbo,
ripá moba,sobre - encima,,
ripari,para arriba,,
ripata rabó,loma,,
ripí,quedar,#verbo,
ripiyá,cuchillo,,
ripopa,espalda,#parte del cuerpo,
ripora,despedir,#verbo,
ripú,trozarse - cortarse,,
ripuca,basura - abono,,
ripuchí,pulga,#animal,
ripurá,hacha,,
ripuna simira,atravesar,#verbo,
riqué,pisar,#verbo,
riquina,bajar,#verbo,
ri'ré,abajo,,
riré huchí,suelo,,
ri'rena,por abajo,,
ri'reque,sur,,
ri'rohui,papas,,
rirú,eructar,#verbo,
rirú,zumbar de un motor,#verbo,
risensi,licencia - permiso,,
pe risénsia,con permiso,,
risénsia 'ya,conceder - autorizar - permitir,#verbo,
risí ,cansarse,,
risira,cansar,#verbo,
risirúami,miserable - tacaño,#adjetivo,
risó,cueva,,
risúati,pobre,#adjetivo,
risúu,sufrir,#verbo,
risúu aní,quejarse,,
rité,patear,#verbo,
ritéami,el que ve,,
ritéena,bostezar,#verbo,
ritehuá,ver - hallar,#verbo,
ritémahua,hermanos,#parentesco,
ritú,helarse,,
ritú,mirar - admirar,#verbo,
riyahui,hay hierba,,
ri'yónachi,tronar,#verbo,
rocó,estar hondo,,
rocóami,hondo,#adjetivo,
rocogó,noche,,
rapaco rocogó,anoche,,
rocogó niráa,de anoche,,
rocohuárari,obscuridad,,
rocomíami,cóncavo,#adjetivo,
rocuahua,obscurecerse,,
rochá,lagartija,#animal,
rochí,pez - pescado,#animal,
rochorí,codorniz,#animal,
rohué,atizar,#verbo,
ro'hué,cultivar maíz,#verbo,
rohuera ,aro,,
rohuí,conejo,#animal,
ro'hupi,dar vueltas ,,
ro'huí,arrepentirse,,
rojácami,cambio de dinero,,
rojana,apartar,#verbo,
rojoná,separar,#verbo,
rojuí,bellota,#alimento,
romíami,flexible,#adjetivo,
romina,doblar - enrollar,#verbo,
romírachi,coyuntura,,
romírachi,tobillo,#parte del cuerpo,
romó,invierno,,
romohua,lloviznar,,
roné,tener pies,,
roné,hervir,#verbo,
ronena,hacer espuma,,
ronó,hervirse,,
ronó,pie,#parte del cuerpo,
ropá,estómago - vientre,#parte del cuerpo,
ropéami,panzón,#adjetivo,
ropéami ju,está embarazada,#medicina,
ropochí,panza,,
rorí,rata,#animal,
roró,rugir,#verbo,
roró,gruñir,#verbo,
roró,roncar,#verbo,
rorobá,enfriar,#verbo,
roroca,tráquea,#parte del cuerpo,
rorónaché,zumbar,#verbo,
ro'roché,congelarse,,
ro'rochébana,congelar,#verbo,
rosácami,blanco,#color,
rosábachami,gris,#color,
rosana,blanquearse,,
rosánahua,blanquear,#verbo,
rosó,nido,#animal,
rosobocha,despintarse,,
rosohua,toser,#verbo,
rosoná,pato,#animal,
rosorá,nido,#animal,
rotebi,salamandra,#animal,
rotosí,sauz,#planta,
ru,avisar,#verbo,
ru,testificar ,#verbo,
ru,descubrir,#verbo,
rucuchiri,grillo,#animal,
rucué,preguntar,#verbo,
ruchí,gato montés,#animal,
ru'náami,grueso,#adjetivo,
ruráami,frío - fresco,#adjetivo,
rurú,sonaja,,
rurusí,tomatillo,#alimento,
rúsiami,intérprete,,
rusú,moler,#verbo,
ruyé,avisar - aconsejar - informar,#verbo,
ruhuigá,avisándole,,
ruyénara júuri,le manda decir,,
sáa,oler - olfatear,#verbo,
sáata,hacer brasas,,
saca,conseguir,#verbo,
sacará,zacate,#planta,
sacuá,sapo,#animal,
sahuá,hoja,,
sahua,quemar,#verbo,
sa'huá,curar - sanar,#verbo,
sáhuara,sonaja,,
sahuarásimí,retoñar,,
sahuí,quemarse,,
sa'huí,quemarse ,,
sa'huí,aliviarse,,
sahuiri,brasas - carbón,,
sahuiruma,temblar,#verbo,
sái,oler - olfatear,#verbo,
sa'í,lombriz,#animal,
sa'mecha,remojar - mojar,#verbo,
sa'mí,estar mojado,,
sa'míami,humedo - mojado,#adjetivo,
sa'mina,humedecerse,,
sampá,mojarse,,
sampacha,remojar,#verbo,
sapá,carne,#alimento,
sapará,engordarse,,
saparábana,engordar,#verbo,
saparusa,enflacar,#verbo,
sapé,estar gordo,#adjetivo,
machí sapepa,desnudarse,,
machí sapéami,desnudo,,
sapota,hacer palomitas de maíz,#verbo,
sapú,apurarse,,
sapunú,apurarse mucho,,
saquí,esquite,#alimento,
saquiri,comal,#alimento,
sa'rihuá,saliva,,
saróami,amarillo - anaranjado,#color,
sasira,resbalarse,,
saté,arena,#naturaleza,
satibó,arenal,,
satibótami,arenoso,#adjetivo,
sayahui,víbora de cascabel,#animal,
sayé,enemigo,,
sayiná,de repente,,
seba,alcanzar - llegar - lograr,,
sayiruma,teblarse,,
sebara,completar - cumplir,,
sébari,bastante - completo,,
sehuá,florecer,#verbo,
si,llegan,,
si,hacer,#verbo,
si,dilatarse,,
si'á,suegro,#parentesco,
sibori,renacuajo,#animal,
sicá,trasquilar,#verbo,
sicá,brazo o mano,#parte del cuerpo,
sicá jiti,a mano,,
sicachó,aplaudir,#verbo,
sicahué,bracear,#verbo,
sicara,mover los brazos,,
sichoochi,en un rincon,,
sicorí,olla - jarro,#alimento,
sicuí,hormiga,#animal,
sihuá,intestino,#parte del cuerpo,
sihuá,florecer,#verbo #planta,
sihuáchari,flor,#planta,
si'huérahua,pestaña,,
si'huina,en otra parte,,
si'huinárigá,de otra manera - en cambio,,
sijabó,estar empachado ,,
sijarí,vejiga,#parte del cuerpo,
sijarí,ampolla,#medicina,
si'luna,pegar,#verbo,
si'lúami,plegado,,
simá,irse,,
simati,bonito - hermoso,#adjetivo,
simó,tocar un instrumento musical,,
simera ,pasar,#verbo,
simí,irse,,
simí,caminar,#verbo,
simírami,sobrante,,
simuchí,colibrí,#animal,
siná,gritar,#verbo,
siné,vez,,
que sine,nunca - jamás,,
siné cáachi,en otra ocasión - tal vez,,
sinepi,una vez,,
si'néami,todo - toda la gente,,
sinibí,siempre,,
sinohui,culebras - víboras,#animal,
sinibí rahué,todos los días,,
sinomí,a veces - de vez en cuando,,
si'nú,distinto - diferente,,
si'orí,abeja - mosca,#animal,
si'núriga,al contrario,,
sipá,rascar - lijar - raspar - cepillar,#verbo,
sipáami,curandero - hechicero,,
tabla sipáami,carpintero,,
siparí,ejote,#alimento,
sipabú,hechizar,,
sipée,espejo,,
sipí,enfirarse,,
sipirú,pelar,#verbo,
sipiyoni,sarampión,#medicina,
sipucha,enaguas,,
sipurí,tárantula,#animal,
siqué ,tener brazo,,
siquiré,cortar con un cuchillo,#verbo,
siquirépari,se cortó,#medicina,
siquiríchi,gavilán,,
sirá,lanza,,
sira,irse,,
si'rí,ahogarse,,
si'rina,ahogar,#verbo,
siri,tijera,,
siríami,gobernador,,
si'rú,arrugarse,,
sirú,cazar - pescar,#verbo,
sirúami,cazado,#adjetivo,
si'runá,aflojar ,#verbo,
si'runá,arrugar - plegar,#verbo,
sitá,resbalarse,,
sitácami,colorado,#color,
sitá,tinta,,
sití,feo - que no sirve,#adjetivo,
sití oráami,malvado,#adjetivo,
sitira ané,criticar - insultar,#verbo,
sitó,esquina,,
sitóachi,codorniz,,
sitúra,estar redondo,,
sitúrami,redondo,#adjetivo,
si'yá,suegro,#parentesco,
siyónami,verde - azul,#color,
soguí,casi,,
so'huá,espinas,,
so'hué,golondrina,#animal,
so'huira,espinar,#verbo,
soma,lavarse la cabeza,,
sonorá,los pulmones,#parte del cuerpo,
sontarsi,soldado,,
sopichí,murcielago,#animal,
soporí,estrella,#naturaleza,
sopota,despeinado,#adjetivo,
sotóchi,ratoncito,#animal,
sotóchi,chaparro,#adjetivo,
su,coser,#verbo,
súami,cocido,#adjetivo,
sucú,raspar - rascarse,#verbo,
sucuchí,en el ombligo,#parte del cuerpo,
sucuchú,pellizcar - rasguñar,#verbo,
sucuí,hormiga,#animal,
sucurú,hechizar,#verbo,
sucurúami,hechicero - brujo,,
suguí,tesgüino,#alimento,
sugúrami,sucio ,#adjetivo,
suhuá,acabar - terminar,#verbo,
suhuaba,destruir - acabar,#verbo,
suhuaba,todo,,
su'hué,bonito ,#adjetivo,
su'hueti júcami,fragante,,
su'huetari,bonito,#adjetivo,
suhuí,acabarse - morirse,,
su'hueti juca,tiene buen olor,,
suhuíami,cadáveres,,
suhuirá,orilla,,
sumá,sobar,#verbo,
suní,terminar - acabar - cumplir,,
mani suniri nóchia,ya terminé de trabajar,,
suníami,en todas partes,,
sunú,maíz,#alimento,
sunú o'néami,mazorca,#alimento,
supuchí,murciélago,#animal,
suquí,ombligo,#parte del cuerpo,
sucuchí,en el ombligo,#parte del cuerpo,
su'rá,aflojarse,,
surá,corazón,#parte del cuerpo,
suré,tener corazón,,
surachí ,en el corazón,#parte del cuerpo,
surí,no querer compartir,,
su'rina,soltar,#verbo,
sutú,uña - pezuña,#parte del cuerpo #animal,
ta ,pedir,#verbo,
taní,estar pidiendo,,
ta,chiquito,,
tabé,más chiquito,,
táa,chico - infante - pequeño,,
táami,músico,,
táa nira,se encoge,,
taba,luchar,#verbo,
tabachi,calentar,#verbo,
tabachi,taparrabo,#vestimenta,
tábara,tabla,,
tabé,más chiquito,,
tabéara,menor,,
tamí,a mí,,
tamujé,nosotros,,
tamujé níhuara,nuestro,,
tamuro,mudo,,
tana,pedir,#verbo,
tanehua,fiar,#verbo,
tanehui,prestar,#verbo,
tani,rogar,,
tani riosi,pedir a dios,#verbo,
tapa,acarrear - traer en las manos,#verbo,
tará,contar,#verbo #escuela,
tarárami,contados,,
tarapé,no,,
tarapé te ,no hay,,
tarapé machíami,ignorante,#adjetivo,
tarari,semana,,
tarí,semilla,#planta,
tarí,apuesta,,
tasi iré,no sirve,,
tasi iré,no,,
tata,padre,,
te,tejer,#verbo,
técuri,borrachos,,
téeribi,poco tiempo,,
témari,jóvenes,,
tera,telar,,
teri,corto,#adjetivo,
pe peri,poco tiempo,,
térico,al rato - ahorita,,
térico piché,hasta luego,,
tétari ,la medida - plazo de tiempo,,
tibí,quedar - sobrar,#verbo,
tibí,permanecer,#verbo,
tibíami,restante,,
tibú,cuidar - vigilar,#verbo,
tibuta,guardar - proteger - vigilar,#verbo,
tibútana,encomendar,#verbo,
tibútari,espantapájaros,,
tichí,peinar,#verbo,
tichícari,peinar,#verbo,
ticó,cercar,#verbo,
tigótachi,cerco de piedra,,
tihué,muchacha,,
tinicha,repetir - burlar,#verbo,
tisó,usar bastón,,
tisora,bastón,,
to,enterrar,#verbo,
to,llevar - tomar,#verbo,
tobá,atascarse,,
towi,muchacho - niño,,
toná,poner parado,,
toreta,cacarear,#verbo #animal,
toni,poste,,
torí,gallina - pollo,#animal,
tu ,traer agua - sacar agua,,
túcami,asado,,
tucua,desde abajo,,
tumujé,nosotros,,
turio,trigo,#planta #alimento,
turupa,tropezar,#verbo,
uba,bañarse,,
úca,espinazo,,
ucú,llover,,
ocuá,lagrima,,
ocuí,llover,,
uché,untar - frotar,#medicina,
uché,vacunar,#medicina,
uchíi,estrecho - angosto,#adjetivo,
uchú,besar - chupar,#verbo,
uchú,picar - picotear,#verbo ,
uchucha,traducir del tarahumara a español,,
ujuma,correr,#verbo,
umí,cintura,#parte del cuerpo,
umugusa,desmayarse,#medicina,
umpá,perder en el juego,#verbo,
umuri,bisabuelo - bisnieto,#parentesco,
upé,tener esposa,#parentesco,
upí,esposa,#parentesco,
upímami,viudo,#adjetivo,
urí,barranca,#naturaleza,
usani,seis,#número,
usansa,sexto,,
usansa macoy,sesenta,#número,
usí,arriba por el arroyo,,
usú,abuela - nieta materna,#parentesco,
usuta,zurdo,,
ya,dar - convidar,#verbo,
yáati,inmediatamente - pronto,,
yé,quitar,,
ye,por alla - alrededor,#indicación,
corí yé,por allá,#indicación,
yéachi,abierto,,
yeba,traer,#verbo,
yeca,engañar - mentir,#verbo,
yécarami,engañado,,
yémta,causar vértigo,,
yemi,ustedes,#pronombre,
yemi níhuara,de ustedes,#pronombre posesivo,
yena,andar,#verbo,
chu yénasí,¿hasta cuándo?,#pregunta,
chu yénaco,¿qué hora? - ¿Cuándo?,#pregunta,
cumi yénari,¿Dónde andabas?,#pregunta,
yepu,¿quién?,#pregunta,
yera,invitar,#verbo,
yeri,conducir,#verbo,
yeta,cerrado,,
yiri,clase o color,#color,
chu yiri,¿Qué color? - ¿cuál?,#pregunta #color,
yiri,semejanza,,
onó,está enojado,,
mapu yíripi,cualquier,,
yoca,teñir,#verbo,
yona ,regañar,#verbo,
yónarati,fue regañado,,
yora,enojar,#verbo,
yora,inclinar la cabeza,,
yura,guiar,#verbo,
yuga,con,,
ne,yo,#pronombre,
mu,tú,#pronombre,
échi,el -ella,#pronombre,
abóe,ellos,#pronombre,
ta,chico,,
siriame,jefe,,
se'wa,mosca,#animal,
nawiki,homosexual,#adjetivo,
nasinácuri,flojo,#adjetivo,
chátiri,feo,#adjetivo,
ricurí,borracho,#adjetivo,
semáti,bonito,#adjetivo,
chátiri,feo - fea,#adjetivo,
weráme,anciana,#adjetivo,
chabo,telaraña,,
onorúame,dios,,
warú,grande,#adjetivo,
pébi,poco tiempo,,
píri mu rimúre,¿qué soñaste?,#pregunta,
ojuni,pedorro,#adjetivo,
ba'óame,guapo,#adjetivo,
sa'pégame,gordo - ,#adjetivo,
ta,chaparro ,#adjetivo,
wenomíweame,rico - adinerado,#adjetivo,
re'pá-wirí,alto ,#adjetivo,
kaními,alegre,#adjetivo,
chérame,anciano,#adjetivo,
ga'rabé,elegante,#adjetivo,
ra'ichame,hablantín,#adjetivo,
chigórame,ladrón,#adjetivo,
aparúame,valiente,#adjetivo,
níriami,vanidoso ,#adjetivo,
oparú,enojado ,#adjetivo,
imúami,voraz - tragón,#adjetivo,
nátame,inteligente,#adjetivo,
kenátame,tonto - tonta,#adjetivo,
nótzame,trabajador,#adjetivo,
kenótzame,flojo,#adjetivo,
chókame,negro,#color,
biríngo,rubio,#adjetivo,
rosákame,blanco,#color,
sitákame,rojo,#color,
cho'mágame,marrón,#color,
chomítuame,morado,#color,
we gára,muy bien,,
sápá,carne,#alimento,
wenomí ,dinero,,
ko,ser,#verbo,
warina,veloz,,
ayena,si,,
peware,cigarro,,
chu mu rewé?,¿cómo te llamas?,#pregunta,
namiuti,cosa - objeto,,
chomari,venado,#animal,
biré,uno,#número,
ocuá,dos,#número,
beikiá,tres,#número,
naó,cuatro ,#número,
marí,cinco,#número,
usáni,seis,#número,
kitsáo,siete,#número,
osá naó,ocho,#número,
kimacói,nueve,#número,
macói,diez,#número,
macói biré,once,#número,
macói ocuá,doce,#número,
osá macói,veinte,#número,
osá macoí biré,veintiuno,#número,
kéne,mi - mio,#pronombre posesivo,
eyena,andar,#pregunta,
kemu,tú - tuyo,#pronombre posesivo,
kéta,nuestro,#pronombre posesivo,
jípeco,hay - haber,,
lúnesico,lunes,#día de la semana,
mártesico,martes,#día de la semana,
nasipasico,miércoles,#día de la semana,
juevesico,jueves,#día de la semana,
viernesico,viernes,#día de la semana,
ketú,de ustedes,#pronombre posesivo,
sápatoco,sábado,#día de la semana,
oméachico,domingo,#día de la semana,
seporí,estrella,#naturaleza,
na'í,fuego,#naturaleza,
gawí,montaña,#naturaleza,
gawichí,sierra,#naturaleza,
urí,barranco,#naturaleza,
ocó,pino,#planta,
otowa,ramo,#planta,
barí,brote,#planta,
nawá,raíz,#planta,
cu,leña,#planta,
casará,pasto,#planta,
wichurí,cactus,#planta,
sewá,flor,#planta,
bachochi,río,#naturaleza,
rité,piedra,#naturaleza,
raé,día,,
rocó,noche,,
ariwá,atardecer,,
choná,anochecer,,
ukí,lluvia,,
ni'wi,relampago,,
yepá,nieve,#naturaleza,
rijé,granizo,,
icá,viento,,
norí,nube,#naturaleza,
corimí,arcoiris,#naturaleza,
ba'wi,agua,#naturaleza,
wisogá,lodo,#naturaleza,
metsá,luna,#naturaleza,
mapugite,porque ,,
ro'chí,pez,#animal,
apanérowa,amigo,,
chú sía,¿por qúe?,#pregunta,
napatsa,camisa,#vestimenta,
pura,cinturón,#vestimenta,
tabaáchi,taparrabo,#vestimenta,
casíbacha,calzoncillo,#vestimenta,
acá,calzado,#vestimenta,
gorogá,collar,#vestimenta,
sipútsa,falda,#vestimenta,
siwáwara,bolsa,#vestimenta,
beté,vivir allí,,
betérachi,casa,,
orá,hacer,#verbo,
piyáca,cuchillo,,
kichí,aborrecer,#verbo,
si'runá,aflojar,#verbo,
ca'ré,amar,#verbo,
cho'ná,abofetear,#verbo,
co'a,comer,#verbo,
aminá,arrojar,#verbo,
ité,haber,#verbo,
ra'itsa,hablar,#verbo,
kiná,desplazarse,#verbo,
mucú,morír,#verbo,
na'á,quemar,#verbo,
nakí,querer,#verbo,
sipá,rascar,#verbo,
sucuchú,rasguñar,#verbo,
nótsa,trabajar,#verbo,
majáwiwa,temer,#verbo,
uché,untar,#verbo,
oméba,vencer,#verbo,
rarinéa,vender,#verbo,
niná,ver,#verbo,
nará,llorar,#verbo,
mo'ó,cabeza,#verbo,
cupá,cabello,#partes  del cuerpo,
cho'ma,naríz,#partes  del cuerpo,
rení,boca,#partes  del cuerpo,
chumí,labio,#partes  del cuerpo,
ramé,diente,#partes  del cuerpo,
acábo,fosa nasal,#partes  del cuerpo,
cha' merá,lengua,#partes  del cuerpo,
nacá,oido,#partes  del cuerpo,
charóarawa,barbilla,#partes  del cuerpo,
roróga,cuello,#partes  del cuerpo,
busí,ojo,#partes  del cuerpo,
rawé,pecho,#partes  del cuerpo,
marachi,axila,#partes  del cuerpo,
ropá,vientre,#partes  del cuerpo,
umí,cintura,#partes  del cuerpo,
macúsuwa,dedo,#partes  del cuerpo,
wa'ícari,esófago,#partes  del cuerpo,
amá,hígado,#partes  del cuerpo,
sicá,mano,#partes  del cuerpo,
sukí,ombligo,#partes  del cuerpo,
bisacá,pene,#partes  del cuerpo,
vejiba,sijaré,#partes  del cuerpo,
casí,muslo,#partes  del cuerpo,
sutú,uña,#partes  del cuerpo,
ranícuri,pie,#partes  del cuerpo,
rejoi,hombre,#partes  del cuerpo,
mukí,mujer,#partes  del cuerpo,
vagina,muchíca,#partes  del cuerpo,
umí,cintura,#partes  del cuerpo,
chi'murí,senos,#partes  del cuerpo,
sijaré,ampolla,#medicina,
su'wí,cadáver,#medicina,
cusuchí,nalga,#parte del cuerpo,
lábara,venado,#animal,
lemári,sangre,#medicina,
píri,¿qué?,#pregunta,
chú kipu,¿cuánto?,#pregunta,
chú regá,¿cómo?,#pregunta,
chu chigá,¿quién?,#pregunta,
cumí,¿dónde?,#pregunta,
upí,esposa,#parentesco,
eyé,madre,#parentesco,
onó,padre,#parentesco,
ruyé,aconsejar,#parentesco,
towí,niño,#parentesco,
tewe,niña,#parentesco,
machí,saber,#verbo #escuela,
newa,recordar,#verbo #escuela,
cusíbera,banco - asiento,#escuela,
yocá,colorear,#verbo #escuela,
riwí,enseñar,#verbo #escuela,
osé,escribir,#verbo #escuela,
ra'itsa,idioma,#escuela,
oserí,libro,#escuela,
biníriame,profesor,#escuela,
nurá,mandar,#verbo #escuela,
oserí,papel,#escuela,
oserí'nema,leer,#verbo #escuela,
éluká,¿a quién?,#pregunta,
secorí,olla,#alimento,
pano,pan,#alimento,
bitorí,plato,#alimento,
rurusí,tomate,#alimento,
goná,sal,#alimento,
remeke,tortilla,#alimento,
chi'wa,leche,#alimento,
bojuí,bellota,#alimento,
cajé,café,#alimento,
sakiré,comal,#alimento,
sunú,maíz,#alimento,
muní,frijol,#alimento,
wicowí,champiñón,#alimento,
basána,manzana,#alimento,
cawára,huevo,#alimento,
co’áame,comida,#alimento,
watónari,atole,#alimento,
corí,chile,#alimento,
ocó,árbol,#planta,
cu'wáme,arbusto,#planta,
bacá,caña,#planta,
sacará,césped,#planta,
irá,nopal,#planta,
jicurí,peyote,#planta,
kiribá,quelite,#planta,
rotosí,sauce,#planta,
misucúa,zarzamora,#alimento #planta,
mísi,gato,#animal,
batu,mapache,#animal,
ajó,mosquito,#animal,
wási,vaca,#animal,
rorí,rata,#animal,
rowi,conejo,#animal,
rawigá,puma,#animal,
ojuí,oso,#animal,
rimó,rana,#animal,
nacarópari,mariposa,#animal,
a'wé,águila,#animal,
naparí,avispa,#animal,
wicó,abejorro,#animal,
murúchi,chivo,#animal,
narócuri,caracol,#animal,
chipawí,ardilla,#animal,
machíre,alacran,#animal,
bo'wá,borrego,#animal,
chicuri,ratón,#animal,
kiyóchí,zorro,#animal,
burito,burro,#animal,
jócari,camaleón,#animal,
basachí,coyote,#animal,
sa'í,lombriz,#animal,
coró,buitre,#animal,
rucuchúre,grillo,#animal,
wasona,pato,#animal,
totorí,gallina - pollo,#animal,
cupá,caballo,#animal,
wachó,garza,#animal,
cóchi,cerdo,#animal,
ritúcari,búho,#animal,
naríbochi,lobo,#animal,
sinowí,serpiente,#animal,
siorí,abeja,#animal,
chichimó,ardilla,#animal,
co'chí,perro,#animal,
co'wá,mosca,,
